user_id,subscription_plan,monthly_watch_hours,num_profiles,days_since_last_login,age,device_type,payment_issue_flag,international_usage,support_tickets,churn
1,Standard,10.1,1,51,50,Tablet,0,7,0,1
2,Premium,4.7,3,14,62,Mobile,0,6,0,1
3,Premium,12.0,3,45,46,Mobile,0,9,0,0
4,Standard,14.8,1,24,19,Tablet,0,0,0,0
5,Basic,9.0,1,20,52,Mobile,1,1,1,0
6,Basic,11.3,3,23,32,Mobile,1,3,0,0
7,Basic,10.3,4,56,54,TV,0,0,0,0
8,Premium,5.4,2,57,63,Tablet,0,2,0,0
9,Standard,14.7,4,4,61,Mobile,0,7,1,0
10,Premium,9.2,4,5,41,Tablet,1,7,0,0
11,Basic,12.6,1,48,63,TV,0,7,0,0
12,Premium,14.0,2,42,54,Tablet,0,5,0,1
13,Premium,7.3,4,47,56,Mobile,0,5,0,1
14,Basic,7.6,1,43,19,Tablet,0,4,0,0
15,Basic,8.1,4,46,45,Mobile,0,8,0,0
16,Basic,15.9,4,22,45,Mobile,0,3,0,0
17,Standard,6.0,1,3,37,Mobile,0,9,3,1
18,Standard,17.1,1,26,26,TV,0,6,0,0
19,Standard,10.2,1,17,17,Tablet,0,0,0,0
20,Basic,10.5,2,20,59,TV,0,8,3,1
21,Standard,13.7,4,27,27,Tablet,0,6,1,0
22,Basic,9.7,1,34,45,TV,0,9,0,1
23,Basic,14.7,3,21,51,Laptop,0,8,0,0
24,Standard,7.3,4,39,33,Mobile,0,6,0,0
25,Standard,16.8,3,22,41,Mobile,0,1,0,0
26,Premium,7.5,2,2,68,TV,1,5,0,0
27,Basic,17.1,1,39,22,Laptop,0,9,0,0
28,Standard,7.6,3,49,16,Mobile,0,3,0,1
29,Standard,8.2,2,9,41,Tablet,0,2,1,0
30,Basic,5.6,1,24,38,TV,1,1,0,0
31,Standard,6.4,3,51,41,Mobile,0,5,2,1
32,Basic,9.2,3,48,60,Mobile,0,7,0,0
33,Basic,10.4,2,7,21,TV,0,5,0,0
34,Premium,14.3,1,54,21,TV,0,8,0,1
35,Premium,8.4,1,10,59,Tablet,0,4,0,0
36,Premium,5.3,3,4,23,Tablet,0,1,1,0
37,Standard,11.1,3,57,39,Mobile,0,7,1,0
38,Basic,10.1,3,44,37,Mobile,0,8,1,0
39,Standard,11.6,1,52,34,TV,0,9,1,0
40,Standard,6.8,2,54,52,Mobile,0,3,0,0
41,Basic,7.2,2,36,33,Mobile,0,5,0,1
42,Standard,6.8,1,55,46,TV,0,9,0,0
43,Basic,15.5,4,58,52,Mobile,0,7,0,1
44,Premium,16.9,2,44,45,Mobile,0,8,0,0
45,Basic,7.1,3,37,57,Laptop,0,4,0,0
46,Standard,7.1,4,28,48,Tablet,0,5,0,0
47,Standard,12.3,4,4,25,TV,1,3,0,0
48,Standard,17.7,2,8,52,Laptop,0,4,0,0
49,Standard,19.4,4,58,27,Tablet,0,6,1,0
50,Basic,6.9,4,47,69,Tablet,0,8,0,1
51,Premium,7.8,2,1,45,Tablet,0,9,0,0
52,Premium,10.6,2,0,42,Laptop,0,5,0,0
53,Premium,10.9,4,39,54,Laptop,0,5,0,0
54,Premium,8.6,3,59,24,Tablet,0,7,0,1
55,Standard,6.3,1,50,69,Mobile,0,3,1,1
56,Premium,9.2,4,29,36,Mobile,0,2,0,0
57,Basic,19.4,4,10,27,Laptop,0,6,0,0
58,Basic,7.3,3,27,44,Laptop,0,4,1,0
59,Basic,10.3,4,43,48,Laptop,0,1,0,0
60,Standard,25.1,4,11,58,Tablet,0,1,1,0
61,Standard,7.2,1,38,68,Mobile,0,5,0,0
62,Basic,12.6,1,25,30,Laptop,1,7,0,0
63,Premium,19.8,1,12,17,Laptop,1,0,0,0
64,Standard,12.1,2,58,67,TV,0,5,0,0
65,Basic,15.0,2,7,54,Tablet,0,1,0,0
66,Standard,13.3,1,53,68,TV,0,1,0,1
67,Basic,11.7,1,27,59,Mobile,0,6,0,0
68,Premium,16.7,2,57,69,TV,0,9,0,1
69,Basic,12.4,3,29,33,TV,0,0,2,0
70,Premium,8.6,4,8,18,TV,0,5,0,0
71,Premium,10.0,4,38,22,Tablet,0,6,0,1
72,Basic,11.0,1,30,58,Mobile,0,7,0,0
73,Basic,7.7,3,57,33,TV,0,6,0,0
74,Premium,10.2,2,20,59,Tablet,0,5,1,0
75,Premium,9.5,1,55,53,Mobile,0,8,0,1
76,Premium,12.4,3,46,52,Laptop,0,2,0,0
77,Premium,22.1,3,33,48,TV,0,5,0,1
78,Basic,10.5,3,54,59,Mobile,0,3,0,0
79,Standard,17.9,2,30,46,TV,0,1,0,0
80,Basic,12.2,2,51,26,Laptop,0,0,0,1
81,Premium,10.2,4,24,19,Mobile,0,0,1,0
82,Standard,7.5,4,11,33,Tablet,0,9,2,0
83,Standard,10.2,3,0,19,Mobile,0,2,1,0
84,Basic,9.9,3,54,64,Tablet,0,3,1,1
85,Standard,6.6,2,21,49,Mobile,0,1,0,0
86,Standard,7.1,4,39,44,Tablet,0,0,0,0
87,Premium,11.1,3,36,39,Laptop,0,3,0,0
88,Standard,17.9,4,46,37,Laptop,0,6,1,1
89,Premium,9.1,4,0,17,Laptop,1,9,0,0
90,Standard,4.4,3,0,59,Mobile,0,5,0,0
91,Basic,2.7,2,56,21,Laptop,0,5,1,1
92,Premium,5.6,3,41,57,TV,0,8,0,0
93,Premium,12.7,3,53,40,Laptop,1,1,0,0
94,Standard,4.8,4,41,36,Tablet,0,3,0,1
95,Premium,13.6,3,20,31,Tablet,0,4,0,0
96,Standard,12.4,2,14,46,Tablet,0,0,0,0
97,Standard,8.9,3,16,29,Mobile,0,7,0,0
98,Standard,4.2,2,21,54,TV,0,7,0,0
99,Basic,6.7,2,37,43,Laptop,0,5,0,1
100,Basic,8.3,4,34,47,TV,0,4,0,0
101,Basic,10.9,1,44,43,TV,0,7,0,1
102,Standard,4.9,1,15,66,Tablet,0,2,2,0
103,Standard,17.1,4,7,64,Tablet,0,2,0,0
104,Standard,10.9,3,46,24,Tablet,0,1,0,1
105,Premium,11.4,4,16,60,Mobile,0,4,0,0
106,Basic,12.4,2,16,37,TV,0,2,0,0
107,Standard,16.3,1,53,47,TV,0,2,0,0
108,Premium,10.2,4,25,20,Mobile,0,5,0,0
109,Basic,12.7,3,12,38,Mobile,0,7,1,0
110,Basic,6.7,4,16,20,Mobile,0,1,0,0
111,Basic,19.5,1,37,57,TV,0,3,0,0
112,Basic,9.9,4,16,68,TV,0,6,0,0
113,Premium,6.7,4,47,47,Tablet,0,0,0,0
114,Premium,7.5,1,13,25,Tablet,0,0,0,0
115,Standard,3.3,2,44,54,TV,1,9,0,1
116,Premium,7.5,2,5,30,Tablet,0,6,0,0
117,Premium,2.3,1,34,22,Mobile,0,6,1,1
118,Basic,13.2,4,45,44,Laptop,0,0,0,0
119,Premium,11.3,1,13,62,Tablet,0,0,0,0
120,Standard,5.7,2,46,18,TV,0,3,0,1
121,Premium,9.1,3,7,34,Tablet,0,4,0,0
122,Premium,9.3,4,14,25,Tablet,0,4,2,0
123,Standard,5.2,2,53,43,Tablet,0,3,0,0
124,Basic,8.4,4,26,44,Laptop,0,7,1,0
125,Basic,9.4,1,12,30,Mobile,0,6,0,0
126,Standard,8.3,3,48,50,TV,0,8,0,0
127,Premium,6.7,1,30,21,Laptop,0,6,1,0
128,Premium,5.6,3,52,27,TV,0,9,0,1
129,Basic,8.2,4,55,62,TV,0,0,0,0
130,Standard,7.1,4,34,53,TV,0,6,0,0
131,Standard,12.0,1,59,28,Laptop,0,0,0,1
132,Basic,16.8,3,5,44,Mobile,0,6,1,0
133,Basic,13.9,3,4,34,TV,0,9,0,0
134,Standard,9.6,4,21,18,Mobile,0,7,0,0
135,Premium,6.8,1,57,23,Mobile,0,8,0,0
136,Standard,13.8,3,48,23,Tablet,0,2,0,0
137,Standard,12.4,4,22,35,Laptop,0,3,0,0
138,Premium,16.3,2,24,62,Laptop,0,3,0,0
139,Standard,10.2,1,33,19,Tablet,0,8,0,1
140,Premium,19.0,2,25,66,Tablet,0,6,0,0
141,Premium,10.2,1,46,36,Mobile,0,2,0,0
142,Basic,6.8,4,4,18,TV,0,9,0,0
143,Standard,7.4,3,25,60,Laptop,0,4,0,0
144,Standard,11.8,3,19,23,TV,0,6,1,0
145,Basic,7.1,3,5,38,TV,0,7,0,0
146,Basic,19.0,1,5,31,Tablet,0,0,0,0
147,Standard,11.3,4,58,28,TV,0,1,0,1
148,Standard,9.5,2,49,18,Mobile,0,6,1,0
149,Basic,9.9,4,17,63,Tablet,0,1,0,0
150,Basic,8.3,2,3,24,TV,0,6,0,0
151,Premium,3.8,1,16,29,Tablet,0,8,0,0
152,Basic,7.4,1,56,28,Mobile,0,1,1,0
153,Basic,17.9,2,13,68,Mobile,0,6,0,0
154,Standard,10.3,2,13,22,TV,0,3,0,0
155,Premium,14.6,2,12,30,Tablet,0,1,0,0
156,Basic,14.8,4,6,22,TV,1,6,1,0
157,Standard,9.2,2,43,53,TV,0,4,0,0
158,Premium,12.4,1,54,49,Tablet,0,0,0,1
159,Basic,4.0,1,14,56,TV,0,4,0,0
160,Premium,17.3,3,18,37,Mobile,0,2,0,0
161,Standard,16.7,2,42,39,Tablet,0,6,0,1
162,Standard,11.6,4,46,64,Tablet,0,5,0,0
163,Standard,10.5,4,43,52,Tablet,0,7,0,0
164,Standard,9.2,4,34,59,Tablet,0,4,0,0
165,Basic,15.4,3,16,16,TV,1,1,1,1
166,Premium,13.1,1,34,25,TV,0,8,0,0
167,Standard,1.6,4,18,58,Mobile,0,7,0,0
168,Basic,7.9,1,19,31,Laptop,1,5,0,0
169,Basic,5.3,3,35,61,Laptop,0,9,0,0
170,Standard,4.8,2,34,23,Mobile,0,6,1,1
171,Standard,15.3,2,31,64,Laptop,0,8,0,0
172,Basic,9.1,2,57,40,Mobile,0,6,0,0
173,Standard,11.5,4,47,65,TV,1,2,0,0
174,Basic,9.7,2,43,27,Tablet,1,5,0,0
175,Standard,4.8,4,39,40,Tablet,0,6,0,1
176,Basic,4.1,3,23,32,TV,0,1,0,0
177,Standard,7.6,3,16,41,Tablet,0,2,0,0
178,Standard,7.9,4,6,61,Tablet,0,3,0,0
179,Premium,7.9,1,42,63,Laptop,0,9,0,0
180,Basic,8.0,2,49,29,TV,0,5,0,0
181,Standard,21.5,2,0,56,Laptop,1,0,0,0
182,Basic,14.5,2,34,51,Laptop,1,8,0,0
183,Premium,10.4,4,31,38,Tablet,0,4,0,0
184,Premium,9.0,3,35,58,Tablet,0,6,0,0
185,Basic,9.2,2,12,21,TV,0,8,0,0
186,Standard,12.9,3,5,62,Tablet,0,8,0,0
187,Premium,9.0,2,57,20,Tablet,0,0,0,0
188,Standard,13.9,2,13,58,TV,0,0,0,0
189,Standard,10.9,4,36,40,Tablet,0,2,0,0
190,Basic,21.6,1,47,33,Laptop,0,5,0,0
191,Basic,8.7,4,14,28,TV,0,1,1,0
192,Premium,15.0,2,46,58,Tablet,1,9,0,1
193,Premium,5.5,2,3,29,Mobile,0,0,0,0
194,Standard,6.9,1,39,43,TV,0,0,0,0
195,Standard,20.3,3,58,33,TV,0,4,0,0
196,Standard,13.6,3,15,43,Mobile,0,3,0,0
197,Premium,11.6,2,27,66,Tablet,1,0,0,1
198,Premium,24.0,3,15,42,Tablet,0,3,0,0
199,Premium,9.1,2,3,47,TV,0,2,0,0
200,Premium,15.0,1,44,62,TV,0,1,0,0
201,Standard,15.5,1,25,24,Tablet,0,8,0,0
202,Basic,18.3,2,27,55,Tablet,0,0,0,0
203,Basic,5.2,1,31,47,Laptop,0,6,0,0
204,Premium,9.1,4,44,35,TV,0,3,0,1
205,Standard,10.8,4,1,43,TV,0,4,0,0
206,Basic,18.2,1,30,48,Mobile,0,9,0,0
207,Basic,11.4,2,2,19,Laptop,0,4,0,0
208,Standard,15.5,2,53,61,Tablet,0,0,0,1
209,Basic,5.0,1,7,49,Laptop,0,5,2,0
210,Basic,8.1,3,23,63,Tablet,0,8,0,0
211,Standard,16.6,4,14,18,Tablet,0,1,0,0
212,Standard,8.6,3,42,41,Laptop,0,6,0,0
213,Standard,9.4,2,30,23,TV,0,5,0,0
214,Basic,18.1,2,8,21,Tablet,0,4,0,0
215,Premium,6.1,3,38,31,Laptop,0,3,1,1
216,Basic,6.8,1,44,39,Mobile,0,3,0,0
217,Standard,4.7,3,1,63,Laptop,0,5,0,0
218,Premium,18.4,3,7,54,Mobile,0,3,1,0
219,Standard,14.4,4,6,45,Tablet,0,4,0,0
220,Premium,14.3,4,55,60,Laptop,0,5,0,0
221,Standard,8.0,3,43,28,Laptop,0,4,1,0
222,Standard,4.5,3,50,20,Mobile,0,6,1,1
223,Basic,3.9,2,38,40,Laptop,0,8,0,0
224,Standard,16.7,4,41,35,Laptop,0,9,0,0
225,Basic,12.0,4,56,69,Tablet,1,6,0,1
226,Basic,13.0,2,15,33,Laptop,0,6,0,0
227,Premium,10.6,1,34,62,TV,0,3,1,0
228,Standard,6.4,4,29,33,Mobile,0,0,0,0
229,Premium,8.2,4,9,17,Laptop,0,7,0,0
230,Standard,5.7,1,37,25,Mobile,0,3,0,0
231,Premium,5.3,4,17,60,Mobile,0,0,0,0
232,Standard,13.9,4,49,65,Mobile,0,4,0,0
233,Standard,4.1,1,4,62,Laptop,0,7,0,0
234,Standard,5.7,1,52,27,Laptop,0,3,0,1
235,Basic,8.4,3,28,62,Mobile,0,7,1,0
236,Premium,9.8,2,38,28,TV,0,7,1,0
237,Basic,4.7,2,59,65,Mobile,0,2,0,1
238,Basic,4.0,1,33,62,TV,0,8,0,0
239,Standard,11.4,1,42,26,Mobile,0,2,0,1
240,Basic,10.3,4,44,34,Tablet,0,0,1,0
241,Premium,16.6,3,22,50,Mobile,0,1,0,0
242,Premium,9.9,3,4,54,Mobile,0,5,1,0
243,Premium,11.9,1,29,68,Laptop,0,9,0,0
244,Standard,6.6,4,5,41,TV,0,1,0,0
245,Basic,6.8,4,55,61,Tablet,0,5,1,0
246,Premium,4.9,2,57,29,TV,0,0,0,1
247,Standard,6.6,2,45,69,Tablet,0,0,0,1
248,Premium,8.1,4,43,60,Mobile,0,4,1,1
249,Premium,15.8,2,3,59,Laptop,0,9,0,0
250,Premium,6.2,1,28,39,Laptop,0,8,0,0
251,Basic,22.0,4,22,56,TV,0,7,3,0
252,Standard,12.3,2,5,16,Laptop,0,2,0,0
253,Premium,11.2,3,31,66,TV,0,2,0,1
254,Standard,9.5,4,41,58,TV,0,0,1,0
255,Basic,8.7,4,17,37,Tablet,0,2,0,0
256,Standard,7.1,3,14,38,TV,0,0,1,0
257,Premium,4.6,1,39,69,Tablet,0,7,0,1
258,Standard,6.3,3,57,34,Laptop,0,0,0,0
259,Standard,18.4,4,31,33,TV,0,4,0,1
260,Basic,12.0,1,8,27,TV,0,8,0,0
261,Standard,18.3,2,36,43,Mobile,0,6,0,0
262,Premium,7.0,2,9,43,TV,1,3,0,1
263,Basic,5.6,2,19,48,TV,0,8,0,0
264,Standard,9.5,4,5,34,Mobile,0,8,0,0
265,Premium,6.4,3,47,43,Mobile,0,1,0,0
266,Premium,10.4,1,55,67,Laptop,0,9,0,0
267,Standard,4.1,2,58,64,TV,0,9,0,1
268,Premium,3.1,1,2,52,Laptop,0,5,0,0
269,Standard,11.0,4,41,41,Laptop,0,3,0,1
270,Basic,18.6,2,10,50,Mobile,0,7,0,0
271,Premium,11.3,4,42,49,Tablet,0,6,1,0
272,Premium,12.0,3,16,50,Laptop,0,6,1,0
273,Premium,9.7,4,31,55,Tablet,0,9,0,1
274,Premium,10.1,4,3,31,TV,0,8,0,0
275,Standard,4.5,3,3,53,Mobile,0,4,0,0
276,Standard,6.5,1,16,28,TV,0,5,0,0
277,Premium,15.8,3,40,38,TV,0,0,0,0
278,Standard,5.4,3,18,69,Mobile,1,5,1,0
279,Premium,8.0,4,4,37,TV,0,1,0,0
280,Premium,15.6,1,31,31,Mobile,0,5,1,0
281,Premium,10.0,2,21,43,Tablet,0,8,1,0
282,Standard,10.2,3,55,63,TV,0,7,1,0
283,Standard,8.1,1,5,50,Mobile,0,8,0,0
284,Basic,12.7,3,34,60,Laptop,0,9,0,0
285,Standard,14.1,3,21,61,TV,0,7,0,0
286,Basic,6.3,3,0,23,Tablet,1,2,0,0
287,Standard,4.7,3,19,59,Mobile,0,7,0,0
288,Standard,3.4,4,21,37,TV,0,5,0,0
289,Basic,11.7,1,47,36,TV,0,5,0,0
290,Standard,11.1,1,54,41,TV,0,5,1,0
291,Basic,24.8,1,10,55,Tablet,1,2,0,0
292,Basic,9.7,3,12,36,Mobile,0,9,0,0
293,Premium,8.9,4,58,40,Laptop,0,0,0,1
294,Standard,10.5,3,41,56,Laptop,0,3,0,0
295,Basic,10.8,3,2,16,Laptop,0,9,2,0
296,Standard,8.6,1,8,21,Mobile,0,5,1,0
297,Premium,6.4,3,59,38,Laptop,0,9,0,0
298,Basic,9.5,2,11,66,Tablet,0,1,0,0
299,Standard,9.3,3,22,38,Mobile,0,6,0,0
300,Basic,9.2,2,13,58,TV,0,6,1,0
301,Basic,13.3,3,32,58,Tablet,0,3,0,1
302,Standard,9.4,4,17,38,TV,1,3,0,0
303,Standard,4.7,4,48,47,Laptop,0,0,0,0
304,Standard,6.9,1,58,45,Tablet,0,1,1,1
305,Premium,8.5,3,40,28,Mobile,0,8,0,0
306,Premium,9.6,2,8,58,Tablet,0,9,0,0
307,Standard,11.8,2,22,33,TV,0,7,0,0
308,Standard,9.6,3,9,38,Mobile,1,7,0,0
309,Premium,3.1,2,18,30,Tablet,0,8,0,0
310,Basic,5.0,4,46,48,Tablet,0,6,0,0
311,Standard,12.2,2,4,36,Tablet,0,8,0,0
312,Basic,8.4,1,46,54,Tablet,0,9,0,1
313,Basic,10.0,4,51,38,Mobile,1,1,0,1
314,Premium,8.0,4,22,42,TV,0,5,0,0
315,Premium,6.9,4,29,60,Tablet,1,2,0,0
316,Standard,8.1,3,24,59,Mobile,0,5,1,0
317,Standard,10.0,3,27,33,TV,1,2,1,0
318,Basic,9.3,4,33,39,Tablet,0,7,1,0
319,Basic,14.1,3,44,66,TV,0,3,0,1
320,Basic,4.3,2,55,62,TV,0,9,1,1
321,Standard,4.6,3,47,55,Mobile,0,5,0,0
322,Premium,8.4,3,46,66,TV,0,8,0,0
323,Standard,11.9,4,24,57,Mobile,0,1,0,0
324,Basic,13.0,1,9,22,Tablet,0,1,1,0
325,Premium,7.1,1,13,65,TV,0,6,0,0
326,Premium,2.0,1,41,63,TV,0,1,0,1
327,Standard,7.2,2,56,35,Laptop,0,1,0,1
328,Standard,11.1,3,45,42,Tablet,0,3,0,1
329,Standard,9.3,1,57,21,Tablet,0,8,0,0
330,Basic,12.1,4,29,42,Laptop,0,7,0,0
331,Standard,15.5,1,54,24,Laptop,0,1,0,1
332,Premium,8.7,1,40,68,Mobile,0,7,1,0
333,Basic,7.5,3,24,60,Mobile,1,3,0,0
334,Basic,6.0,3,13,46,TV,0,1,0,0
335,Basic,4.6,3,34,36,TV,0,9,0,1
336,Basic,4.0,2,51,41,TV,0,6,1,1
337,Premium,6.7,2,47,55,TV,0,5,0,0
338,Premium,14.6,1,33,63,Mobile,0,9,1,1
339,Standard,12.6,3,9,60,Tablet,0,4,0,0
340,Basic,7.4,1,34,28,TV,0,0,0,0
341,Standard,22.1,4,10,64,Tablet,0,1,0,0
342,Standard,7.0,4,10,38,TV,0,7,0,0
343,Basic,16.2,3,20,35,Laptop,0,0,1,0
344,Standard,17.8,3,20,52,TV,0,2,1,0
345,Standard,11.5,4,21,69,TV,0,1,0,0
346,Standard,6.7,3,44,68,TV,0,4,0,0
347,Standard,7.8,2,6,43,Mobile,1,3,0,0
348,Basic,10.2,2,54,32,Laptop,0,6,1,0
349,Standard,4.6,3,16,43,TV,0,4,0,0
350,Standard,5.7,4,1,56,TV,0,7,0,0
351,Standard,5.5,1,11,17,Tablet,1,3,0,0
352,Premium,11.8,3,56,40,Laptop,1,5,0,0
353,Standard,15.5,3,41,65,TV,0,3,0,1
354,Basic,12.8,1,17,56,Tablet,0,1,0,0
355,Basic,14.3,3,53,21,Tablet,0,0,0,0
356,Standard,6.4,1,58,26,Mobile,0,0,0,0
357,Basic,8.0,4,10,53,Tablet,0,7,0,0
358,Standard,8.3,2,15,21,TV,1,3,0,0
359,Premium,11.4,4,48,60,Mobile,0,4,0,1
360,Standard,6.8,2,50,26,Mobile,0,7,0,0
361,Standard,13.9,1,17,29,TV,0,6,0,0
362,Standard,17.6,2,34,17,Laptop,0,7,0,1
363,Standard,11.7,4,52,55,Tablet,0,7,0,0
364,Standard,7.8,2,58,18,Mobile,0,5,0,0
365,Premium,6.2,1,25,68,Laptop,1,9,0,0
366,Standard,5.5,2,15,50,TV,1,1,0,0
367,Premium,3.2,3,5,48,Tablet,0,5,1,0
368,Premium,8.4,4,56,39,Tablet,0,0,1,0
369,Basic,8.2,3,43,34,Mobile,0,0,0,0
370,Basic,13.6,1,42,33,Tablet,0,2,0,1
371,Basic,7.0,2,46,64,Tablet,0,2,0,0
372,Basic,8.6,3,46,67,Tablet,0,4,0,1
373,Basic,10.6,3,47,39,Tablet,1,0,0,1
374,Standard,11.6,2,41,60,TV,0,9,1,0
375,Basic,12.9,2,11,50,Laptop,0,5,0,0
376,Standard,10.1,4,59,16,TV,0,6,0,1
377,Premium,4.8,3,12,51,TV,0,9,0,0
378,Basic,11.2,3,3,40,Mobile,0,2,0,0
379,Premium,6.8,1,38,60,Tablet,0,3,1,1
380,Basic,15.8,4,53,64,TV,0,9,1,0
381,Basic,9.4,1,1,58,Tablet,0,9,1,0
382,Standard,10.4,3,25,49,TV,0,9,0,0
383,Standard,25.7,1,58,40,TV,0,9,0,1
384,Premium,13.0,3,26,31,Mobile,0,9,1,0
385,Premium,11.1,3,26,49,Laptop,0,2,0,0
386,Premium,8.7,1,14,44,Laptop,0,0,0,0
387,Basic,5.0,1,7,34,TV,0,7,1,0
388,Basic,8.5,2,6,38,Mobile,0,9,0,0
389,Premium,6.1,2,46,34,Tablet,1,9,0,1
390,Premium,18.6,2,54,40,Tablet,0,1,0,0
391,Premium,11.1,3,45,31,TV,0,0,1,1
392,Standard,15.5,1,39,69,Laptop,1,7,0,1
393,Standard,6.9,4,59,66,Mobile,0,6,0,0
394,Premium,6.3,3,11,24,Laptop,0,6,1,0
395,Standard,12.4,4,12,16,Tablet,0,3,1,0
396,Premium,6.0,1,42,57,Laptop,1,8,0,0
397,Premium,7.6,3,16,34,Tablet,1,5,1,0
398,Standard,19.0,4,16,48,Mobile,0,1,0,0
399,Premium,7.7,4,55,49,Mobile,0,0,0,1
400,Premium,4.4,2,35,31,TV,0,0,0,0
401,Basic,3.6,2,20,59,TV,1,8,0,1
402,Premium,4.2,2,7,55,Laptop,1,3,2,0
403,Standard,15.9,3,4,33,Mobile,0,4,0,0
404,Premium,7.1,1,25,49,Mobile,0,2,0,0
405,Standard,25.3,1,15,40,TV,0,3,0,0
406,Premium,17.7,2,35,60,Tablet,0,7,0,0
407,Standard,21.0,2,27,21,Laptop,0,3,1,0
408,Basic,14.5,2,53,36,Laptop,0,8,1,1
409,Premium,12.1,4,28,21,TV,0,8,0,0
410,Basic,6.2,2,46,47,Mobile,0,5,0,1
411,Standard,9.3,4,11,56,TV,1,1,0,0
412,Premium,12.7,1,36,63,TV,0,9,0,1
413,Premium,14.1,3,29,58,TV,0,6,1,0
414,Standard,5.2,3,22,54,TV,0,8,1,0
415,Standard,8.5,3,15,46,Tablet,1,5,1,0
416,Standard,9.0,3,13,57,Tablet,0,2,1,0
417,Basic,8.8,4,9,25,Mobile,0,6,1,0
418,Standard,5.6,4,6,45,TV,0,4,0,0
419,Standard,19.9,2,44,67,Tablet,0,0,0,0
420,Premium,8.4,4,51,33,Mobile,0,2,0,0
421,Premium,5.8,2,59,39,TV,0,4,1,0
422,Premium,20.1,2,36,67,Laptop,1,6,0,0
423,Basic,17.7,3,28,24,Tablet,0,2,0,0
424,Standard,10.0,4,2,46,Mobile,0,5,0,0
425,Basic,3.6,4,14,30,Laptop,0,4,1,0
426,Standard,7.5,2,35,19,TV,0,0,0,0
427,Standard,4.0,2,46,55,TV,0,9,1,1
428,Premium,11.7,1,45,24,TV,0,5,0,0
429,Standard,7.2,1,51,60,Tablet,0,7,0,1
430,Basic,9.2,2,18,24,Mobile,0,0,0,0
431,Basic,19.3,1,12,41,Laptop,0,1,0,0
432,Premium,7.0,1,41,19,Mobile,0,3,0,0
433,Standard,11.5,2,20,32,Tablet,0,1,0,0
434,Basic,13.0,2,36,31,Mobile,1,8,0,1
435,Basic,15.7,4,26,30,Tablet,0,9,0,0
436,Premium,8.9,2,54,50,TV,0,7,0,0
437,Basic,8.5,2,51,67,Laptop,0,7,1,1
438,Premium,8.4,3,28,20,TV,0,3,0,0
439,Premium,11.0,4,19,20,Mobile,0,4,0,0
440,Basic,17.4,4,24,35,TV,0,3,0,0
441,Basic,8.2,4,5,30,Laptop,0,8,0,0
442,Premium,2.3,3,35,33,TV,0,1,0,0
443,Standard,13.7,2,1,62,Laptop,0,7,0,0
444,Standard,9.6,4,21,17,Laptop,0,1,1,0
445,Premium,11.7,4,31,44,TV,0,0,2,0
446,Premium,4.1,1,15,28,Tablet,0,9,0,0
447,Premium,7.2,4,17,19,Mobile,0,2,0,0
448,Premium,13.2,2,4,57,Tablet,0,8,0,0
449,Standard,4.9,2,53,60,Tablet,0,2,0,0
450,Basic,11.5,1,35,25,TV,0,8,0,1
451,Premium,9.2,4,29,46,Mobile,0,6,0,0
452,Standard,6.5,4,44,56,Mobile,0,9,0,0
453,Standard,6.3,4,18,23,Tablet,0,0,0,0
454,Premium,5.6,3,22,18,TV,0,9,0,0
455,Basic,9.6,4,33,63,Mobile,1,4,0,0
456,Standard,10.1,2,12,61,Tablet,0,8,0,0
457,Basic,7.8,2,42,24,Mobile,0,2,0,0
458,Standard,5.4,3,53,45,TV,0,8,0,0
459,Basic,11.3,3,28,68,TV,0,4,0,0
460,Basic,13.8,4,35,26,TV,0,8,0,0
461,Basic,12.3,1,21,50,Mobile,0,9,0,0
462,Standard,21.3,3,51,52,Laptop,0,5,0,0
463,Premium,8.6,3,51,57,Mobile,0,8,1,0
464,Standard,16.6,4,46,28,Laptop,0,6,0,0
465,Premium,6.8,4,35,51,TV,0,6,0,0
466,Standard,6.3,3,8,28,Tablet,0,7,0,0
467,Basic,9.9,1,38,27,Laptop,0,6,1,1
468,Premium,18.3,3,50,52,TV,0,8,1,0
469,Basic,8.1,4,18,25,TV,0,8,0,0
470,Premium,4.1,4,37,24,Laptop,0,5,1,1
471,Basic,13.7,3,5,67,Tablet,0,6,0,0
472,Premium,9.0,1,51,22,TV,0,1,0,0
473,Basic,10.7,3,46,17,Laptop,0,8,0,0
474,Premium,6.4,3,14,69,Tablet,0,0,0,0
475,Standard,9.8,4,56,38,Tablet,0,0,0,1
476,Premium,4.4,1,19,54,TV,0,2,0,0
477,Basic,20.0,2,8,55,Mobile,0,5,0,0
478,Standard,14.8,1,31,54,Mobile,0,4,1,0
479,Premium,9.6,3,3,36,TV,0,1,0,0
480,Standard,13.5,3,49,38,Tablet,0,8,0,1
481,Standard,6.8,3,17,44,TV,0,9,0,0
482,Standard,14.5,1,4,29,Laptop,0,3,0,0
483,Standard,8.0,4,19,41,Mobile,0,3,1,0
484,Standard,7.7,3,22,66,Laptop,0,4,0,0
485,Standard,5.8,3,10,20,TV,0,7,0,0
486,Premium,11.3,1,36,46,TV,0,9,0,0
487,Basic,9.4,2,21,40,Tablet,1,3,1,0
488,Basic,16.9,2,57,46,Tablet,0,4,0,0
489,Premium,5.5,4,3,65,Tablet,0,3,0,0
490,Premium,11.3,4,28,35,Laptop,0,5,0,0
491,Standard,15.5,3,43,59,Tablet,1,2,0,0
492,Standard,25.6,1,33,32,TV,0,7,0,0
493,Basic,10.2,3,12,60,Tablet,0,5,0,0
494,Basic,7.9,4,41,17,Mobile,0,9,0,0
495,Standard,10.1,1,8,40,Tablet,0,4,0,0
496,Standard,16.3,1,41,28,Laptop,0,1,2,0
497,Standard,16.3,4,30,54,Mobile,0,9,0,0
498,Basic,8.8,2,6,43,Mobile,0,9,0,0
499,Premium,16.1,2,3,57,Mobile,0,6,0,0
500,Premium,9.2,1,18,21,Laptop,1,1,0,0
501,Standard,13.5,3,41,18,TV,0,0,0,0
502,Standard,11.9,2,29,50,Tablet,1,6,2,0
503,Standard,7.7,3,30,33,Mobile,0,4,0,0
504,Premium,5.9,2,34,26,Mobile,0,0,0,0
505,Standard,15.6,2,56,69,Mobile,0,3,0,1
506,Basic,17.6,3,20,35,TV,0,3,0,0
507,Premium,11.2,4,30,20,TV,0,9,0,0
508,Premium,9.2,2,18,34,Laptop,0,6,1,0
509,Premium,5.1,2,30,37,TV,0,8,0,0
510,Premium,15.5,3,52,34,Tablet,0,1,0,0
511,Standard,10.6,4,31,62,Laptop,0,0,0,0
512,Standard,8.3,2,1,31,Laptop,0,1,0,0
513,Premium,13.6,2,58,39,Tablet,0,6,1,0
514,Premium,4.6,4,51,56,Tablet,0,9,0,1
515,Basic,5.6,2,9,19,Tablet,1,5,0,0
516,Basic,6.7,4,1,30,Laptop,0,3,0,0
517,Standard,11.7,4,1,40,Laptop,0,0,1,0
518,Premium,10.1,3,59,59,Laptop,0,0,1,1
519,Premium,12.4,1,23,50,Tablet,0,4,0,0
520,Basic,15.0,4,16,29,Tablet,1,0,0,0
521,Standard,12.6,3,31,64,Mobile,0,6,0,0
522,Standard,20.2,1,15,34,TV,0,0,0,0
523,Premium,15.0,2,15,53,Mobile,0,0,1,0
524,Premium,8.8,1,45,51,Tablet,0,1,0,0
525,Premium,7.2,4,38,22,Laptop,1,9,0,0
526,Standard,8.9,4,52,45,Tablet,0,2,0,1
527,Standard,12.7,4,30,34,TV,0,0,0,0
528,Basic,7.6,4,42,64,Mobile,0,8,0,0
529,Basic,12.9,4,23,40,Mobile,0,9,0,0
530,Premium,12.3,3,0,31,Laptop,0,7,0,0
531,Premium,5.8,4,10,62,Mobile,0,4,0,0
532,Premium,14.9,3,54,69,Mobile,0,1,0,0
533,Premium,11.0,2,20,55,Tablet,0,4,0,0
534,Standard,19.7,4,3,66,Mobile,0,5,0,0
535,Premium,9.2,4,6,23,Mobile,0,0,1,0
536,Premium,8.1,1,25,33,Mobile,0,3,0,0
537,Premium,5.5,2,46,43,Laptop,1,8,0,0
538,Basic,5.4,4,49,31,Laptop,0,1,0,1
539,Standard,14.1,4,11,67,Tablet,0,4,1,0
540,Basic,18.8,2,30,34,Mobile,0,0,2,0
541,Premium,8.9,3,16,57,Laptop,0,3,0,0
542,Standard,8.6,4,32,32,Laptop,0,3,0,0
543,Basic,9.6,1,10,60,Tablet,0,5,0,0
544,Standard,15.3,4,27,28,TV,0,9,0,0
545,Standard,5.9,1,31,22,Mobile,0,8,0,0
546,Standard,10.4,1,0,42,Laptop,0,2,0,0
547,Basic,14.2,4,46,25,Tablet,0,8,0,0
548,Standard,11.7,4,27,49,Tablet,1,5,0,0
549,Standard,1.8,1,52,51,Tablet,0,6,1,1
550,Premium,12.6,2,41,40,Laptop,0,9,1,0
551,Standard,11.7,2,6,21,Mobile,0,1,0,0
552,Premium,16.6,4,1,39,TV,0,9,0,0
553,Standard,18.2,3,41,33,Mobile,0,5,0,0
554,Standard,16.2,2,23,38,Tablet,0,5,0,0
555,Premium,9.7,4,3,21,Tablet,0,1,0,0
556,Standard,4.0,2,43,44,TV,0,1,1,1
557,Basic,22.2,3,18,40,Mobile,0,1,0,0
558,Basic,8.6,4,25,32,Tablet,0,9,1,0
559,Premium,9.5,3,10,61,Tablet,0,0,0,0
560,Standard,18.7,4,39,39,Mobile,0,4,0,0
561,Premium,6.5,3,49,26,Tablet,0,7,1,0
562,Basic,4.7,2,42,41,Mobile,0,1,0,1
563,Basic,7.6,2,10,66,Tablet,0,4,0,0
564,Basic,6.6,3,44,49,Mobile,0,7,1,0
565,Standard,4.5,3,2,43,TV,1,9,1,0
566,Standard,9.0,3,11,18,Tablet,0,4,1,0
567,Standard,9.7,4,2,26,TV,0,1,0,0
568,Standard,4.3,2,41,53,Tablet,0,2,1,1
569,Premium,8.1,4,26,29,Tablet,0,5,0,0
570,Standard,6.4,2,48,66,Laptop,1,4,0,1
571,Standard,3.3,1,53,41,Mobile,0,3,0,0
572,Premium,9.8,4,1,63,TV,1,3,0,0
573,Standard,10.3,2,48,36,TV,0,4,0,1
574,Standard,6.4,2,15,69,TV,0,1,0,0
575,Premium,14.8,4,1,54,Mobile,0,8,0,0
576,Premium,9.4,4,59,45,Laptop,0,1,0,1
577,Basic,6.6,2,53,23,TV,0,9,0,0
578,Premium,4.2,4,29,66,Mobile,0,1,0,0
579,Standard,10.5,3,19,35,Tablet,1,9,0,0
580,Basic,11.7,4,37,63,TV,0,8,0,1
581,Standard,7.4,4,27,47,TV,0,2,1,0
582,Premium,10.0,4,24,37,Laptop,0,9,1,0
583,Standard,18.2,2,31,22,TV,0,6,1,0
584,Standard,13.8,3,9,24,TV,0,3,1,0
585,Standard,2.8,1,59,60,Tablet,0,5,0,1
586,Basic,6.6,1,41,16,Mobile,1,3,0,0
587,Basic,8.8,3,39,44,Mobile,0,9,0,0
588,Basic,9.7,3,32,23,Laptop,0,6,0,1
589,Basic,10.1,3,12,69,Tablet,0,0,0,0
590,Basic,11.4,2,55,19,Mobile,0,2,0,0
591,Basic,8.9,1,40,50,Tablet,1,2,0,1
592,Standard,9.4,3,53,18,Mobile,0,0,0,0
593,Basic,14.1,2,41,69,Tablet,0,5,0,1
594,Standard,10.6,1,46,60,Laptop,0,8,0,1
595,Premium,5.2,4,36,55,TV,0,7,1,0
596,Standard,9.8,2,53,22,Laptop,0,6,0,0
597,Standard,8.8,1,15,42,Mobile,0,9,0,0
598,Basic,3.3,2,44,16,Laptop,0,7,0,0
599,Basic,10.0,1,21,42,TV,0,5,0,0
600,Basic,5.6,1,56,31,Laptop,0,8,1,1
601,Basic,14.2,4,19,53,Mobile,0,2,1,0
602,Basic,11.3,2,49,22,Mobile,0,9,0,0
603,Basic,5.1,3,42,59,Laptop,0,9,0,0
604,Basic,13.9,4,26,38,TV,0,8,1,0
605,Basic,16.7,4,40,56,Laptop,0,3,0,0
606,Standard,8.3,1,15,26,TV,0,6,1,0
607,Basic,8.8,3,33,57,Tablet,0,8,0,0
608,Standard,13.3,2,31,68,TV,0,1,1,1
609,Standard,16.2,3,25,48,Tablet,1,1,0,0
610,Standard,3.8,3,24,65,Laptop,0,8,0,0
611,Basic,5.4,3,1,51,TV,0,2,0,0
612,Premium,7.7,3,11,52,Tablet,0,8,0,0
613,Standard,8.1,3,39,56,Tablet,0,4,0,1
614,Basic,13.1,1,8,32,Tablet,0,5,0,0
615,Premium,16.2,1,11,50,Mobile,0,1,0,0
616,Premium,16.8,4,25,63,Laptop,1,7,2,0
617,Basic,3.8,1,8,20,Tablet,0,8,0,0
618,Basic,6.3,4,9,63,TV,0,1,1,0
619,Premium,5.0,4,31,47,Tablet,0,5,0,0
620,Premium,7.0,2,56,18,Mobile,0,5,1,0
621,Basic,6.3,3,33,67,Laptop,0,7,0,1
622,Basic,11.3,1,47,62,Mobile,0,9,0,0
623,Standard,11.9,2,19,50,Mobile,0,4,0,0
624,Standard,9.4,1,38,67,Mobile,0,8,0,0
625,Standard,9.0,4,59,29,TV,0,0,0,1
626,Standard,7.8,1,1,63,Laptop,0,8,0,0
627,Standard,8.3,3,0,46,Laptop,0,9,0,0
628,Premium,18.1,4,50,46,TV,0,6,1,0
629,Basic,12.7,4,59,32,Laptop,0,3,0,0
630,Basic,8.0,2,35,39,Mobile,0,2,1,0
631,Premium,8.9,3,23,67,Laptop,0,9,0,0
632,Premium,11.4,4,53,38,TV,0,5,0,0
633,Standard,5.1,3,26,33,Mobile,0,0,0,0
634,Standard,10.0,1,1,65,TV,0,2,0,0
635,Basic,12.4,3,30,69,Tablet,0,1,0,0
636,Standard,11.7,4,56,29,Mobile,0,8,0,1
637,Standard,6.3,2,13,65,Mobile,0,2,0,0
638,Basic,6.9,4,1,30,Laptop,0,1,0,0
639,Basic,3.1,3,28,30,Mobile,0,3,1,1
640,Standard,13.0,3,14,21,TV,0,1,0,0
641,Basic,21.5,4,11,42,Laptop,0,0,0,0
642,Standard,5.9,3,36,30,Tablet,0,5,0,0
643,Basic,14.9,1,27,65,TV,0,9,1,0
644,Standard,20.6,4,19,51,Tablet,0,7,0,0
645,Basic,7.5,2,38,23,Tablet,0,9,1,1
646,Premium,8.9,4,23,30,Tablet,0,9,0,0
647,Standard,10.5,1,20,18,Mobile,0,1,0,0
648,Standard,11.5,1,9,62,TV,0,8,1,0
649,Premium,10.7,1,45,28,TV,0,2,0,0
650,Standard,7.7,1,13,56,Mobile,0,7,0,0
651,Basic,12.3,1,36,49,Laptop,0,7,0,0
652,Standard,7.8,2,17,39,Tablet,0,2,1,0
653,Standard,11.1,3,23,55,TV,1,2,0,0
654,Premium,9.2,1,13,47,Mobile,0,5,0,0
655,Standard,3.6,1,33,47,Tablet,1,0,1,0
656,Basic,15.9,4,57,45,Laptop,0,3,1,1
657,Basic,7.0,2,11,67,Laptop,0,0,0,0
658,Standard,16.6,2,21,64,Tablet,0,2,0,0
659,Standard,14.7,3,55,28,Laptop,0,8,0,0
660,Standard,10.3,2,5,16,TV,0,4,1,0
661,Standard,11.8,4,35,49,TV,0,4,0,1
662,Premium,12.4,4,44,30,TV,0,3,1,0
663,Standard,8.5,3,35,59,Laptop,0,2,0,1
664,Basic,8.7,4,21,29,TV,0,4,0,0
665,Basic,12.1,1,13,44,Mobile,0,3,0,0
666,Basic,9.3,1,15,49,TV,0,7,1,0
667,Basic,7.8,4,35,33,TV,0,3,0,1
668,Basic,6.4,3,55,69,Laptop,0,7,1,0
669,Basic,11.2,2,24,22,TV,0,5,2,0
670,Basic,6.9,3,31,44,Tablet,0,4,0,0
671,Basic,13.6,2,32,46,Mobile,0,3,0,0
672,Premium,14.1,4,44,40,Laptop,0,3,0,1
673,Basic,11.7,4,35,53,Mobile,0,3,0,0
674,Standard,12.8,1,19,29,Tablet,1,8,0,0
675,Standard,11.7,2,17,23,Laptop,0,3,0,0
676,Premium,13.2,3,37,42,Laptop,0,8,1,0
677,Basic,13.0,4,2,69,TV,0,9,0,0
678,Standard,10.9,3,22,17,Mobile,0,5,0,0
679,Premium,14.8,1,31,32,Tablet,0,9,1,0
680,Premium,8.6,2,44,52,Tablet,0,6,1,1
681,Premium,6.5,2,58,29,Laptop,0,9,0,0
682,Basic,6.3,4,15,40,TV,0,2,0,0
683,Basic,8.1,2,58,45,Laptop,0,7,0,0
684,Standard,3.3,4,4,44,Laptop,0,2,0,0
685,Premium,10.3,1,3,35,Laptop,1,0,0,0
686,Standard,12.5,2,20,36,Laptop,0,9,0,0
687,Standard,14.0,4,39,68,Tablet,0,4,1,0
688,Basic,4.0,3,50,37,Tablet,0,1,1,1
689,Premium,6.4,4,13,50,Laptop,0,9,0,0
690,Basic,13.4,2,38,52,Laptop,0,5,0,0
691,Standard,8.5,1,30,31,TV,0,9,0,0
692,Standard,12.4,2,13,65,Laptop,0,8,0,0
693,Standard,4.9,2,5,64,Tablet,0,0,0,0
694,Basic,16.5,4,11,58,Mobile,0,3,0,0
695,Basic,4.7,3,15,32,Tablet,0,0,0,0
696,Standard,1.4,2,16,31,TV,0,0,0,0
697,Basic,10.2,3,44,17,Tablet,0,7,1,0
698,Standard,10.3,4,22,19,Mobile,0,1,0,0
699,Basic,7.4,3,13,36,Laptop,0,0,0,0
700,Standard,11.5,4,6,54,Mobile,0,7,0,0
701,Standard,11.7,1,45,49,Laptop,0,3,0,0
702,Basic,11.1,3,31,45,Laptop,0,2,0,1
703,Standard,7.3,3,14,21,Tablet,0,3,0,0
704,Basic,6.6,1,43,32,Tablet,0,4,0,1
705,Basic,7.7,3,16,54,Tablet,0,0,0,0
706,Premium,6.2,1,40,40,TV,0,0,0,0
707,Standard,15.1,2,53,20,Tablet,1,2,0,1
708,Premium,8.0,4,46,20,TV,0,5,1,0
709,Basic,10.0,1,43,35,Tablet,0,0,0,1
710,Standard,13.4,3,33,31,Laptop,0,1,2,0
711,Premium,6.1,1,4,66,TV,0,6,0,0
712,Standard,4.6,3,44,56,Mobile,0,0,1,1
713,Standard,6.2,2,26,52,TV,1,6,1,0
714,Standard,10.5,1,51,55,TV,1,3,0,1
715,Standard,10.2,2,22,24,Mobile,0,9,0,0
716,Premium,11.1,4,39,20,TV,1,5,0,0
717,Premium,8.9,3,58,57,Laptop,0,7,2,0
718,Premium,2.3,3,13,17,Tablet,0,8,0,0
719,Basic,8.8,2,14,24,Mobile,0,5,1,0
720,Premium,14.2,4,42,58,Tablet,0,8,0,0
721,Premium,15.8,1,32,51,Laptop,1,3,0,0
722,Basic,9.7,1,52,37,Mobile,0,5,1,1
723,Basic,10.2,3,30,37,Tablet,0,7,0,0
724,Premium,12.3,2,34,37,Tablet,0,8,0,1
725,Standard,15.6,2,16,49,Laptop,0,2,1,0
726,Premium,9.3,1,27,44,Tablet,0,1,0,0
727,Basic,12.2,4,18,53,Laptop,1,5,0,0
728,Premium,7.2,4,45,61,TV,0,3,0,1
729,Basic,5.0,1,53,48,Laptop,0,0,0,0
730,Basic,7.5,1,22,33,TV,0,7,0,0
731,Basic,17.1,2,31,22,Mobile,0,8,0,1
732,Premium,12.3,4,39,16,Tablet,0,8,0,1
733,Standard,5.2,1,12,48,Laptop,0,1,0,0
734,Standard,12.5,1,58,16,Laptop,0,8,0,1
735,Standard,5.4,3,19,39,Tablet,0,6,0,0
736,Premium,11.1,1,34,19,Tablet,0,4,0,1
737,Standard,6.0,1,4,19,Mobile,0,6,0,0
738,Premium,5.1,4,8,33,Mobile,0,8,0,0
739,Standard,18.4,2,28,42,Laptop,0,7,2,0
740,Standard,8.0,4,5,58,Mobile,0,5,1,0
741,Standard,12.2,2,24,47,TV,1,3,1,0
742,Standard,9.5,3,30,48,Mobile,0,0,0,0
743,Premium,5.6,1,21,43,Mobile,0,5,0,0
744,Standard,8.4,3,1,57,Laptop,0,2,0,0
745,Basic,5.7,2,44,56,TV,0,5,1,1
746,Premium,24.1,4,4,51,Mobile,0,5,0,0
747,Standard,13.2,4,59,21,TV,0,3,0,0
748,Standard,9.4,3,26,31,TV,0,1,0,0
749,Premium,11.9,2,24,49,TV,0,8,0,0
750,Standard,12.8,3,7,38,Tablet,0,1,0,0
751,Basic,12.8,3,54,65,Tablet,0,2,1,0
752,Premium,12.6,1,0,57,Tablet,0,9,0,0
753,Standard,12.1,3,19,39,Tablet,1,0,1,0
754,Standard,9.8,1,43,64,Laptop,0,6,0,0
755,Basic,17.8,1,22,28,Mobile,0,0,0,0
756,Premium,10.1,4,31,33,Tablet,0,8,1,1
757,Standard,9.6,1,10,69,Laptop,0,0,2,0
758,Standard,10.1,1,38,28,Mobile,0,4,0,0
759,Premium,10.4,4,46,64,Tablet,0,6,0,0
760,Premium,4.0,3,53,52,Mobile,0,2,0,1
761,Basic,6.2,2,23,58,Tablet,0,8,2,0
762,Standard,8.9,2,10,54,Laptop,0,7,0,0
763,Basic,3.9,2,28,57,TV,0,2,0,1
764,Premium,9.4,3,53,32,TV,0,4,0,0
765,Basic,10.4,1,25,30,Mobile,0,6,0,0
766,Standard,4.9,2,15,33,Laptop,0,3,0,0
767,Premium,6.9,3,34,38,TV,0,4,0,1
768,Premium,16.0,1,19,69,Tablet,0,2,0,0
769,Standard,12.0,4,45,66,TV,0,8,0,0
770,Premium,11.7,2,2,45,Mobile,0,9,1,0
771,Basic,15.2,1,0,49,Mobile,1,8,0,0
772,Premium,6.3,2,57,19,Laptop,0,6,0,1
773,Basic,4.9,2,52,18,Mobile,0,9,0,1
774,Standard,14.3,2,46,22,TV,0,1,0,0
775,Premium,9.0,1,0,33,TV,0,6,0,0
776,Basic,6.2,3,16,57,TV,0,6,0,0
777,Basic,21.6,1,1,22,TV,0,4,0,0
778,Premium,4.0,2,28,55,Laptop,0,8,0,0
779,Premium,10.2,1,19,21,Tablet,0,2,0,0
780,Standard,8.5,4,5,37,Tablet,0,3,0,0
781,Standard,7.9,3,7,16,Laptop,0,0,0,0
782,Standard,2.7,1,28,19,Mobile,0,5,1,0
783,Basic,17.6,4,47,61,Tablet,0,3,0,1
784,Standard,4.4,3,50,64,Mobile,0,0,0,1
785,Basic,8.2,4,32,67,Tablet,0,1,1,0
786,Premium,7.6,3,2,65,Mobile,0,2,0,0
787,Standard,12.1,1,59,58,Laptop,1,8,1,1
788,Standard,4.0,4,34,44,TV,0,7,0,1
789,Standard,11.5,2,4,36,Mobile,0,6,0,0
790,Premium,10.2,4,26,41,TV,0,3,0,0
791,Basic,6.8,3,43,29,Mobile,0,0,0,0
792,Standard,11.3,1,11,24,Mobile,0,7,0,0
793,Standard,9.4,3,19,62,Mobile,0,3,0,0
794,Standard,19.5,4,44,27,Mobile,0,2,0,0
795,Basic,8.5,4,19,57,Mobile,0,8,0,0
796,Premium,5.8,2,8,66,TV,0,9,0,0
797,Premium,11.5,1,38,66,Mobile,1,3,0,1
798,Standard,8.0,1,3,21,TV,0,3,1,0
799,Standard,9.3,4,50,35,Laptop,0,8,0,0
800,Premium,4.9,1,53,39,Tablet,0,1,0,0
801,Premium,12.2,2,18,42,Mobile,0,4,0,0
802,Basic,7.4,3,37,53,Tablet,0,3,0,1
803,Standard,10.5,1,26,23,TV,0,8,0,0
804,Standard,21.7,4,44,16,Laptop,0,4,0,0
805,Standard,8.3,3,42,69,Laptop,0,8,0,0
806,Premium,12.9,3,12,64,Laptop,1,8,1,0
807,Premium,8.6,2,12,64,Tablet,0,1,0,0
808,Premium,6.8,4,59,39,TV,0,8,0,0
809,Standard,16.3,1,56,62,Mobile,1,2,0,0
810,Basic,3.4,4,21,22,Mobile,0,3,0,0
811,Premium,14.4,3,27,34,TV,0,0,0,0
812,Premium,3.1,4,51,37,Tablet,0,0,0,0
813,Basic,13.7,1,46,50,Mobile,0,0,0,0
814,Premium,9.4,1,52,45,TV,0,8,1,0
815,Premium,5.8,2,44,44,Mobile,0,7,0,0
816,Standard,7.7,1,21,37,Laptop,0,4,1,0
817,Standard,12.6,1,42,26,Mobile,0,4,0,0
818,Standard,20.7,4,18,35,Tablet,0,8,0,0
819,Basic,4.1,4,7,44,TV,0,2,0,1
820,Standard,6.0,3,51,66,Tablet,0,2,0,1
821,Premium,4.7,2,7,56,TV,0,6,0,0
822,Basic,8.5,4,41,57,Laptop,0,8,0,1
823,Standard,13.9,1,25,49,TV,0,5,0,0
824,Standard,4.4,3,47,16,Mobile,0,1,1,0
825,Standard,9.3,4,50,46,Mobile,0,0,0,1
826,Premium,13.7,2,25,45,Laptop,0,1,0,0
827,Standard,7.6,2,22,63,TV,0,0,0,0
828,Standard,2.0,3,42,33,Laptop,0,9,1,1
829,Premium,10.2,3,12,32,Mobile,0,9,0,0
830,Standard,15.8,3,27,53,Tablet,0,8,0,0
831,Basic,5.4,3,8,29,Laptop,1,9,0,0
832,Standard,3.6,3,19,38,Tablet,0,7,0,1
833,Basic,10.8,1,55,40,Tablet,0,6,0,1
834,Basic,10.9,1,18,30,TV,0,2,0,0
835,Standard,7.4,4,47,61,Laptop,1,7,0,0
836,Standard,6.7,2,38,37,Tablet,0,1,0,1
837,Premium,9.5,1,50,18,Tablet,0,1,0,0
838,Standard,5.4,1,11,34,TV,0,9,1,0
839,Standard,5.4,1,14,59,TV,0,2,2,0
840,Standard,12.6,4,30,49,Mobile,0,6,0,0
841,Basic,5.2,3,54,50,Tablet,0,0,0,0
842,Standard,3.7,4,13,65,Mobile,0,7,1,0
843,Basic,6.7,2,10,16,Tablet,0,6,1,0
844,Premium,7.5,2,25,67,Mobile,1,3,1,0
845,Basic,11.5,2,41,36,TV,0,4,0,1
846,Standard,7.0,2,26,44,Laptop,0,9,1,0
847,Basic,16.9,1,10,21,TV,0,0,1,0
848,Premium,9.7,1,37,52,Mobile,0,3,0,0
849,Standard,6.3,4,33,16,Mobile,0,0,0,0
850,Standard,11.3,3,42,66,Laptop,0,0,0,1
851,Basic,16.8,2,18,16,Tablet,0,9,0,0
852,Premium,12.4,4,5,42,Mobile,0,0,0,0
853,Basic,4.2,1,45,36,Mobile,0,6,0,1
854,Premium,7.8,1,51,68,Mobile,0,6,0,1
855,Basic,10.5,3,37,31,Laptop,0,3,0,0
856,Basic,12.2,3,48,59,TV,0,1,0,0
857,Basic,8.6,3,41,69,Mobile,0,2,1,1
858,Standard,8.0,4,27,55,Laptop,0,7,0,0
859,Standard,19.4,1,0,41,Mobile,0,7,0,0
860,Basic,12.5,1,34,31,Tablet,0,5,0,0
861,Premium,11.3,3,39,43,Laptop,0,9,0,0
862,Standard,7.1,2,7,16,Mobile,0,8,2,0
863,Standard,5.3,3,58,51,Laptop,0,8,0,1
864,Standard,11.4,4,51,25,Mobile,0,3,1,1
865,Standard,13.1,3,53,58,TV,0,0,0,0
866,Standard,9.3,3,46,32,Mobile,0,0,0,0
867,Basic,12.5,4,55,38,Laptop,1,9,0,0
868,Basic,12.7,3,6,22,Tablet,0,4,1,0
869,Premium,13.5,1,10,59,Tablet,0,1,0,0
870,Premium,4.2,2,38,68,Tablet,1,5,0,1
871,Standard,7.9,3,3,22,Mobile,0,6,1,0
872,Basic,11.7,4,24,59,TV,0,0,0,0
873,Standard,9.6,2,11,30,Mobile,0,5,0,0
874,Standard,12.7,4,25,49,Tablet,0,7,0,0
875,Basic,11.3,2,37,61,Laptop,1,4,1,0
876,Basic,2.8,2,45,60,Tablet,0,6,0,1
877,Premium,14.9,3,11,19,Laptop,0,9,0,0
878,Standard,7.4,1,42,29,TV,0,5,0,1
879,Basic,6.1,3,50,29,Laptop,0,3,0,0
880,Basic,14.7,4,52,31,Mobile,0,6,0,1
881,Basic,12.3,4,36,22,Mobile,0,9,0,1
882,Standard,15.6,2,45,47,Mobile,0,8,0,0
883,Basic,10.5,2,52,34,Laptop,0,9,0,1
884,Basic,7.8,1,23,17,Mobile,0,9,0,0
885,Premium,10.0,3,15,25,Mobile,0,6,0,0
886,Basic,5.6,4,56,65,Mobile,0,4,0,0
887,Standard,4.6,2,12,32,TV,0,6,0,1
888,Basic,6.9,1,24,52,Laptop,0,2,0,0
889,Basic,17.7,4,53,27,Laptop,0,1,0,0
890,Basic,7.2,2,53,21,Tablet,0,4,0,1
891,Premium,3.7,4,56,37,Laptop,0,3,1,1
892,Premium,8.7,1,51,47,TV,1,4,1,1
893,Premium,7.2,1,53,56,Laptop,0,7,0,1
894,Standard,15.0,4,3,35,TV,0,3,0,0
895,Standard,17.1,3,10,16,TV,0,8,0,0
896,Basic,7.7,4,31,69,Laptop,1,6,0,0
897,Basic,10.5,2,48,62,Tablet,0,9,0,1
898,Premium,10.9,3,6,68,Mobile,0,6,1,0
899,Basic,9.1,2,45,21,Mobile,0,7,2,1
900,Basic,8.4,4,57,34,Laptop,0,5,1,0
901,Basic,5.9,3,10,33,Laptop,0,7,1,0
902,Basic,3.4,2,27,21,TV,0,2,1,0
903,Basic,5.9,4,53,60,Laptop,0,9,1,0
904,Standard,9.0,4,40,48,TV,0,9,0,0
905,Standard,4.4,3,22,38,Tablet,0,0,1,1
906,Premium,10.3,4,44,38,Laptop,0,5,0,1
907,Premium,9.6,1,22,41,Mobile,0,0,0,0
908,Standard,7.2,2,49,28,Mobile,0,8,0,1
909,Basic,8.2,2,27,22,Laptop,0,1,1,0
910,Standard,4.8,4,42,30,TV,0,1,1,1
911,Standard,13.4,4,46,59,Mobile,0,6,0,1
912,Basic,13.3,1,56,42,TV,0,1,0,0
913,Standard,5.2,3,25,41,Laptop,0,9,1,0
914,Standard,5.3,4,24,48,Laptop,0,7,1,0
915,Standard,5.9,4,53,30,Mobile,0,5,0,0
916,Standard,11.9,4,28,51,Laptop,0,6,0,0
917,Basic,10.9,4,18,60,Tablet,0,6,0,0
918,Premium,14.6,2,32,42,Tablet,0,5,0,0
919,Premium,15.4,4,35,20,Mobile,1,9,0,1
920,Basic,4.2,2,13,17,Tablet,0,8,0,0
921,Premium,11.7,4,13,48,TV,0,8,1,0
922,Standard,15.1,3,34,31,Mobile,0,6,0,0
923,Premium,8.0,1,29,38,Mobile,0,8,0,0
924,Premium,9.2,3,27,53,TV,0,9,0,0
925,Standard,8.6,4,16,31,Tablet,0,2,1,0
926,Basic,8.8,4,2,29,Tablet,0,2,1,0
927,Basic,13.4,4,15,44,Tablet,0,0,0,0
928,Standard,19.1,3,45,41,Mobile,0,4,0,1
929,Standard,16.7,4,29,50,Mobile,0,3,0,0
930,Basic,7.3,3,51,30,Tablet,1,1,0,1
931,Basic,10.5,2,28,18,Laptop,0,8,1,0
932,Premium,6.3,1,44,38,Tablet,0,2,0,0
933,Premium,6.7,1,14,44,TV,0,7,0,0
934,Standard,9.0,3,45,49,Mobile,0,5,0,0
935,Basic,6.6,2,55,48,TV,0,4,0,0
936,Basic,7.0,3,24,56,TV,0,0,0,0
937,Basic,10.4,2,50,56,Mobile,0,3,0,0
938,Premium,11.7,4,37,38,Laptop,0,2,0,1
939,Basic,11.5,2,41,22,Tablet,0,0,0,0
940,Standard,11.6,2,58,18,TV,0,4,1,0
941,Basic,4.9,2,46,47,Mobile,0,5,0,1
942,Standard,6.4,1,52,46,TV,0,1,1,0
943,Standard,9.5,2,53,33,Tablet,0,2,0,0
944,Premium,14.8,4,51,58,Laptop,0,5,0,0
945,Basic,23.7,4,57,22,Laptop,0,3,0,0
946,Basic,10.7,4,37,56,Laptop,0,8,0,0
947,Basic,12.8,2,22,16,Mobile,0,4,1,0
948,Premium,4.7,3,24,29,Mobile,0,3,1,0
949,Premium,12.7,3,41,67,Laptop,0,1,0,1
950,Standard,20.9,4,6,47,Tablet,0,5,0,0
951,Standard,6.4,1,21,21,Tablet,1,9,2,0
952,Standard,7.2,3,16,54,Mobile,0,1,1,0
953,Basic,13.6,2,17,25,Laptop,0,6,0,0
954,Premium,9.4,3,48,22,Tablet,0,2,0,0
955,Standard,3.3,4,40,41,Tablet,0,8,0,1
956,Standard,7.4,1,9,49,Tablet,0,4,0,0
957,Standard,17.1,3,9,45,Mobile,0,7,0,0
958,Basic,8.2,3,56,51,Laptop,1,5,0,0
959,Basic,8.2,4,6,36,TV,1,9,0,0
960,Premium,13.2,1,47,32,Laptop,0,7,0,0
961,Basic,10.9,1,49,48,Laptop,0,2,1,0
962,Standard,8.0,4,37,25,Mobile,1,2,0,0
963,Basic,6.9,2,26,66,Tablet,0,4,0,0
964,Standard,28.8,3,51,62,Tablet,0,9,0,0
965,Basic,15.8,2,32,57,Mobile,0,2,1,1
966,Standard,11.6,3,0,66,Mobile,0,7,1,0
967,Premium,11.9,3,43,27,Mobile,0,9,0,1
968,Basic,8.8,2,52,31,Mobile,0,7,0,1
969,Standard,10.8,4,59,56,Mobile,0,1,0,0
970,Standard,8.4,4,33,47,TV,0,3,0,1
971,Standard,6.1,3,3,30,Laptop,0,9,0,0
972,Premium,11.0,4,16,42,Laptop,0,0,0,0
973,Premium,8.0,3,3,43,Laptop,0,3,0,0
974,Basic,11.3,4,42,32,Tablet,0,3,1,1
975,Basic,12.2,3,53,61,TV,0,9,0,0
976,Basic,11.5,4,25,65,Laptop,1,8,0,0
977,Standard,5.9,1,3,17,Tablet,1,2,0,0
978,Basic,7.6,2,0,51,TV,0,1,0,0
979,Standard,8.1,1,6,65,TV,0,8,2,0
980,Standard,14.2,2,29,22,Tablet,0,8,0,0
981,Standard,13.9,2,49,28,TV,0,0,0,0
982,Premium,6.6,3,8,30,Tablet,1,5,0,0
983,Basic,4.9,2,34,40,Laptop,0,9,0,1
984,Basic,24.2,1,7,38,Tablet,0,7,0,0
985,Premium,11.3,1,23,37,TV,0,2,0,0
986,Standard,4.6,4,18,41,Laptop,0,8,0,0
987,Standard,7.1,1,35,48,Laptop,0,1,0,0
988,Standard,14.5,4,49,26,Mobile,0,5,0,0
989,Basic,21.6,2,51,25,Mobile,0,0,0,0
990,Premium,20.0,1,58,40,TV,0,6,0,0
991,Premium,11.1,2,42,52,Tablet,0,2,1,0
992,Standard,9.3,1,26,63,Tablet,0,6,1,0
993,Basic,5.6,1,31,58,TV,0,3,0,0
994,Standard,9.7,4,13,68,Laptop,0,8,0,0
995,Standard,6.0,2,56,53,TV,0,4,0,1
996,Basic,7.7,1,17,56,TV,0,2,1,0
997,Premium,13.6,3,27,60,Laptop,0,7,0,0
998,Basic,8.4,2,59,39,Tablet,1,5,0,0
999,Premium,8.1,2,28,55,TV,0,1,1,0
1000,Standard,9.1,2,15,61,Tablet,0,2,2,0
821,Basic,4.446345013474854,3,11,43,Mobile,0,1,0,1
547,Basic,5.127081861348107,3,46,34,TV,0,1,0,1
664,Basic,7.360160556008379,3,34,32,Mobile,0,3,0,1
830,Standard,8.078805115779108,3,44,41,Tablet,0,0,0,1
250,Standard,8.980234794570306,2,37,67,Mobile,0,1,0,1
705,Basic,10.576900904327324,2,36,40,Mobile,0,1,0,1
418,Basic,13.908693323039977,2,46,34,TV,0,8,0,1
425,Basic,8.525696794491406,1,51,55,Tablet,0,7,0,1
718,Standard,11.408876157081496,1,37,36,Tablet,0,4,0,1
980,Basic,9.6024225318027,3,46,38,Tablet,0,3,0,1
730,Standard,12.01454509359808,3,40,18,Tablet,0,7,0,1
236,Standard,9.1026873643584,1,46,26,Mobile,0,2,0,1
955,Basic,3.421479832970628,3,40,40,Tablet,0,7,0,1
961,Basic,10.92036756677815,2,35,50,Tablet,0,4,0,1
708,Basic,9.475439818370171,1,43,34,Tablet,0,0,0,1
71,Premium,12.695720481132124,1,55,60,Mobile,0,8,0,1
844,Basic,11.451314897413091,1,41,36,Mobile,0,4,0,1
725,Premium,10.634747046236871,2,37,44,Tablet,0,6,0,1
834,Basic,8.630881241380681,1,46,38,Tablet,0,3,0,1
827,Basic,2.0212170100149183,3,41,33,TV,0,8,0,1
606,Standard,13.024783686834036,1,32,67,TV,0,1,0,1
25,Standard,7.10066014425435,2,51,42,Tablet,0,5,1,1
475,Basic,13.215446579102386,2,47,36,Tablet,0,8,0,1
558,Standard,4.919583181870035,2,43,42,TV,0,1,0,1
716,Basic,8.82655490808527,1,49,35,Tablet,0,4,0,1
828,Standard,2.3932700846652923,3,36,34,TV,0,8,0,1
852,Standard,10.381029222462368,2,41,66,TV,0,0,0,1
264,Premium,10.344861476579691,3,31,59,Tablet,0,5,0,1
207,Standard,15.299861459973704,2,51,61,Tablet,0,0,0,1
260,Standard,17.49929371605775,4,31,35,Mobile,0,4,0,1
939,Standard,11.006334635300393,4,37,38,TV,0,2,0,1
675,Premium,11.421862555091831,3,44,45,Mobile,0,4,0,1
587,Basic,13.010320381223318,2,39,66,Tablet,0,6,0,1
905,Standard,11.363314157619753,3,48,58,Mobile,0,6,0,1
731,Standard,12.674488164291578,3,38,16,Tablet,0,8,0,1
372,Basic,11.229898746519844,2,45,37,Tablet,0,0,0,1
654,Basic,5.652408006992493,3,31,31,Mobile,0,3,0,1
553,Standard,3.1839468841849405,1,46,46,Mobile,0,2,1,1
45,Basic,12.027685035941644,4,53,58,Tablet,0,7,0,1
76,Standard,8.819453478655332,4,38,25,Tablet,0,5,0,1
659,Basic,13.403242253803572,4,50,41,TV,0,3,0,1
665,Standard,10.967422172661758,3,37,49,Mobile,0,4,0,1
48,Basic,11.607308784068907,2,54,59,Mobile,0,5,0,1
12,Standard,13.85720518060505,1,41,53,Tablet,0,5,0,1
208,Basic,15.259588198055894,2,53,61,Tablet,0,0,0,1
576,Standard,8.785050055858193,3,59,46,TV,0,1,0,1
905,Standard,4.471463774067479,3,25,36,Tablet,0,0,1,1
854,Standard,7.916824225062809,1,49,68,Mobile,0,5,0,1
322,Standard,7.1389295284424925,1,56,37,TV,0,1,0,1
331,Basic,14.506331110496218,1,52,25,TV,0,1,0,1
762,Basic,4.669356271130978,2,28,54,Mobile,0,2,0,1
320,Basic,10.583702004023507,3,47,40,Tablet,0,2,0,1
772,Basic,4.924064452096649,2,52,18,Mobile,0,8,0,1
396,Premium,7.281412036369308,3,52,45,Tablet,0,2,0,1
838,Basic,7.943792684566324,2,41,34,TV,0,5,0,1
83,Basic,9.85789319167736,2,54,62,Tablet,0,3,0,1
567,Standard,4.241386694060085,1,41,52,Tablet,0,2,1,1
725,Premium,12.3,2,34,34,Tablet,0,8,0,1
518,Standard,11.342773841352862,3,53,53,Tablet,0,2,0,1
20,Basic,10.238298084561968,1,24,54,TV,0,8,2,1
883,Basic,11.163797669567195,3,39,21,Tablet,0,7,0,1
12,Premium,11.635871024170502,2,43,54,Tablet,0,5,0,1
37,Basic,10.42561770775252,1,44,27,Mobile,0,6,0,1
251,Standard,4.628031298659846,1,44,67,Tablet,0,5,0,1
49,Premium,9.801322118699462,2,57,23,Tablet,0,7,0,1
390,Premium,9.412051829865446,2,45,32,Mobile,0,3,0,1
50,Basic,6.790910802650744,3,47,69,Tablet,0,7,0,1
19,Basic,10.602662839850703,2,20,58,Mobile,0,7,2,1
8,Standard,12.803451645321449,1,44,52,Tablet,0,5,0,1
562,Standard,6.454564781354682,2,44,40,TV,0,2,0,1
661,Standard,10.300980568279725,3,35,53,TV,0,3,0,1
323,Standard,6.935881250040942,1,42,64,TV,0,1,0,1
313,Basic,5.34440718444854,1,56,55,Mobile,0,5,1,1
845,Basic,6.781577153943492,1,48,37,Tablet,0,6,0,1
712,Standard,4.861153830688873,2,44,55,Mobile,0,0,0,1
766,Premium,6.50754771510449,3,36,39,Mobile,0,3,0,1
262,Standard,10.167576965157735,4,41,46,TV,0,3,0,1
657,Basic,6.179996947149691,3,32,31,Mobile,0,3,0,1
860,Basic,6.762880019987182,3,50,58,TV,0,5,0,1
918,Premium,15.338340743545244,4,35,20,Mobile,0,8,0,1
668,Standard,14.47829019971484,4,46,41,Laptop,0,3,0,1
106,Standard,11.008214614571196,2,47,24,Tablet,0,0,0,1
6,Standard,5.068699393379631,2,10,54,Mobile,0,6,0,1
922,Premium,14.679236503599888,4,35,23,Mobile,0,7,0,1
601,Standard,12.043842242404072,1,37,64,TV,0,4,0,1
146,Standard,11.214399716126184,3,56,27,Mobile,0,1,0,1
889,Basic,7.217530296833598,2,52,21,Tablet,0,4,0,1
573,Standard,5.563133163591866,1,50,64,TV,0,4,0,1
336,Standard,11.138285422637846,1,33,53,Mobile,0,9,0,1
788,Basic,4.058151540910487,3,34,44,Mobile,0,6,0,1
585,Basic,3.3942652804293623,1,57,59,Tablet,0,4,0,1
663,Standard,8.505052984629359,2,35,58,TV,0,2,0,1
312,Basic,8.479741139420373,1,45,53,Tablet,0,8,0,1
730,Basic,16.879956013217985,2,31,22,Tablet,0,8,0,1
145,Standard,11.140102457268377,3,54,26,Mobile,0,2,0,1
824,Basic,5.900321683660242,3,41,47,Laptop,0,8,0,1
96,Standard,6.101739027107469,3,42,33,Tablet,0,2,0,1
333,Basic,5.035878002286736,2,52,39,TV,0,4,0,1
734,Premium,11.237055552737514,1,34,21,Tablet,0,4,0,1
954,Basic,3.3654085404404466,3,40,41,Tablet,0,7,0,1
662,Standard,9.58757711607928,3,35,55,TV,0,2,0,1
745,Basic,5.965657186344168,2,43,54,Mobile,0,5,1,1
588,Basic,13.292318477998252,2,39,66,Tablet,0,6,0,1
861,Basic,6.285474764633286,3,52,56,TV,0,6,0,1
67,Standard,16.13173439973424,1,56,68,TV,0,7,0,1
261,Standard,4.379177504408914,1,47,66,Tablet,0,7,0,1
820,Basic,6.961639900551456,3,47,62,Mobile,0,4,0,1
235,Standard,10.097240219750724,1,43,24,Mobile,0,2,0,1
644,Basic,7.220945487223684,2,37,23,Tablet,0,8,1,1
591,Standard,10.141014949471666,1,46,60,Laptop,0,7,0,1
375,Basic,10.65665623086885,3,56,18,Mobile,0,5,0,1
839,Basic,11.154756327885098,1,47,37,Mobile,0,4,0,1
604,Standard,9.27027921038866,2,42,57,Mobile,0,5,0,1
723,Standard,11.39646010389776,1,40,37,Tablet,0,6,0,1
14,Standard,7.722603781297216,3,44,54,Mobile,0,5,0,1
734,Standard,12.107222458970725,1,51,16,TV,0,6,0,1
957,Basic,4.379435032358109,3,42,39,Tablet,0,7,0,1
991,Basic,5.657743008346709,2,49,48,TV,0,5,0,1
958,Basic,4.835872261804005,4,40,39,Tablet,0,7,0,1
887,Standard,7.156556238491037,4,54,35,TV,0,3,0,1
127,Premium,5.393657465905838,2,50,26,Mobile,0,8,0,1
894,Standard,8.0305655502545,1,51,57,TV,0,7,0,1
719,Basic,10.724219689456875,1,52,33,Tablet,0,4,0,1
527,Standard,8.66587748912674,3,51,44,Tablet,0,1,0,1
29,Standard,7.024624144411006,3,49,27,Mobile,0,3,0,1
665,Basic,8.981969749363442,4,35,37,TV,0,3,0,1
969,Standard,10.89901091745163,2,41,28,Mobile,0,9,0,1
589,Basic,9.428254011528688,2,34,32,Mobile,0,4,0,1
967,Standard,10.637614213384763,2,46,28,Mobile,0,8,0,1
665,Basic,9.052491395925175,4,35,38,TV,0,3,0,1
889,Standard,9.267714482771048,1,51,42,TV,0,5,0,1
445,Basic,11.963535671916055,1,36,29,Mobile,0,7,0,1
669,Standard,11.034091466177728,4,39,36,TV,0,3,0,1
398,Basic,6.414270586482447,1,24,61,TV,1,7,0,1
971,Basic,7.952466247517264,3,33,46,TV,0,3,0,1
53,Basic,6.537857068481077,2,48,69,Tablet,0,4,0,1
252,Premium,10.750142334197507,3,32,65,Mobile,0,2,0,1
376,Basic,16.338014485400656,2,51,39,Tablet,0,3,0,1
256,Standard,15.910836731821531,3,35,32,TV,0,3,0,1
265,Premium,7.367401349587318,2,34,61,Tablet,0,8,0,1
960,Standard,7.1684513146320175,3,41,34,Tablet,0,8,0,1
929,Basic,7.766145688419797,3,50,30,Tablet,0,1,0,1
165,Standard,5.954335019009198,2,38,23,Mobile,0,5,0,1
67,Standard,16.399853723581717,1,56,69,Mobile,0,8,0,1
764,Standard,4.070456963650129,3,52,54,Mobile,0,1,0,1
875,Basic,2.8719338416705984,2,44,60,Tablet,0,5,0,1
878,Basic,10.618947865011831,2,46,29,Mobile,0,5,0,1
201,Standard,13.307053865137508,2,38,63,Tablet,0,0,0,1
592,Basic,10.754395330127537,1,44,60,TV,0,8,0,1
335,Basic,4.470100938186694,2,37,37,TV,0,8,0,1
306,Basic,7.635501591110666,1,56,43,Tablet,0,1,0,1
861,Basic,6.336349364603479,3,52,56,TV,0,6,0,1
39,Basic,8.355164404863721,1,38,31,Mobile,0,5,0,1
132,Standard,11.92326589288814,1,58,28,TV,0,0,0,1
763,Premium,5.583337060732756,3,42,44,Mobile,0,3,0,1
756,Standard,9.419464397011485,3,30,35,Tablet,0,7,0,1
764,Basic,5.357710038654174,2,30,47,TV,0,2,0,1
799,Standard,9.541924399015151,1,37,59,Tablet,0,3,0,1
46,Basic,10.752447272626425,4,51,61,Tablet,0,7,0,1
968,Basic,8.879298135212007,2,51,31,Tablet,0,6,0,1
731,Premium,12.3,3,38,17,Tablet,0,8,0,1
897,Basic,9.426871422216468,2,44,21,Mobile,0,7,1,1
168,Standard,6.343862149965675,2,35,25,Tablet,0,6,0,1
544,Basic,5.208214934913323,3,47,33,TV,0,1,0,1
86,Standard,15.13530871378792,2,34,45,TV,0,5,0,1
930,Basic,7.387771323177037,3,50,30,Tablet,0,1,0,1
77,Basic,12.67458172790961,2,55,66,Tablet,0,5,0,1
727,Standard,14.516434711726356,2,32,30,Tablet,0,8,0,1
424,Standard,5.1743713801823,1,44,56,TV,0,9,0,1
326,Basic,7.380648877069764,2,55,35,TV,0,1,0,1
725,Premium,10.300985548497112,2,38,46,Tablet,0,6,0,1
164,Standard,11.817033719564368,2,38,32,Tablet,0,6,0,1
388,Standard,11.032971275700936,3,45,32,Mobile,0,0,0,1
896,Standard,7.491732253577536,3,28,35,TV,0,5,0,1
66,Standard,14.587820429072265,1,54,68,TV,0,4,0,1
17,Standard,11.692535986035486,2,44,50,Tablet,0,5,0,1
754,Premium,10.185689602168628,3,31,31,Tablet,0,7,0,1
72,Standard,10.620554557032897,1,54,57,Mobile,0,5,0,1
772,Basic,5.032168859963974,2,50,19,Mobile,0,8,0,1
920,Standard,14.1848466187991,3,37,21,Tablet,1,7,0,1
56,Standard,7.396876685693992,1,50,68,Mobile,0,2,0,1
455,Basic,9.570673689353235,1,35,24,TV,0,7,0,1
329,Standard,13.102063567776224,1,54,27,Laptop,0,1,0,1
147,Standard,12.720467361501266,1,36,26,Tablet,0,7,0,1
301,Basic,13.203551762310228,2,32,57,Tablet,0,3,0,1
574,Standard,8.480691247274535,3,55,51,Laptop,0,1,0,1
713,Standard,8.00490588815761,1,48,55,Mobile,0,1,0,1
893,Standard,7.467165799056469,1,52,56,TV,0,6,0,1
15,Standard,12.624228608415256,1,39,51,Tablet,0,6,0,1
321,Basic,10.611481653929946,3,47,40,Tablet,0,2,0,1
852,Standard,9.0412080375523,1,47,67,Mobile,0,3,0,1
89,Basic,8.248163649497986,2,52,26,Laptop,0,5,1,1
7,Standard,9.347716717980465,1,51,48,Tablet,0,6,0,1
199,Standard,12.3877513036245,2,32,64,Tablet,0,0,0,1
367,Basic,13.877935101594163,2,40,28,Mobile,0,3,0,1
212,Standard,9.204034210634976,2,42,40,TV,0,2,0,1
308,Basic,8.514134277403286,2,54,41,Tablet,0,1,0,1
935,Standard,13.508622295384397,3,38,38,TV,0,2,0,1
376,Standard,8.163537659238392,1,41,52,Tablet,0,1,0,1
954,Basic,3.3388480889232324,3,40,41,Tablet,0,7,0,1
521,Standard,9.54044227808,3,55,52,Mobile,0,0,0,1
973,Standard,9.16243587258055,2,39,32,Mobile,0,9,0,1
83,Standard,19.577348567698248,3,40,41,TV,0,5,0,1
395,Standard,11.5912546839958,2,47,58,Mobile,0,3,0,1
250,Standard,9.476543485261947,2,36,67,Mobile,0,1,0,1
662,Standard,9.352786369044589,3,35,56,TV,0,2,0,1
246,Standard,5.835719141989058,2,55,29,TV,0,0,0,1
834,Standard,5.912734288182593,2,33,37,Tablet,0,2,0,1
753,Standard,4.789142553015873,2,48,53,Mobile,0,3,0,1
398,Standard,7.861337644984863,3,55,48,Mobile,0,0,0,1
555,Standard,3.789701283213906,1,43,44,Mobile,0,1,1,1
379,Basic,8.641520632693865,2,46,36,Tablet,1,3,0,1
796,Standard,11.054633319524784,1,38,65,Mobile,0,2,0,1
864,Basic,6.370225442885459,2,42,65,Tablet,0,3,0,1
965,Basic,15.308537467647072,2,33,54,Tablet,0,2,1,1
335,Basic,4.13124385940027,2,47,39,TV,0,6,0,1
747,Premium,10.503396290420088,2,32,27,Tablet,0,6,0,1
745,Basic,5.877064589966644,2,43,55,Mobile,0,5,1,1
334,Basic,7.063700648507916,2,38,33,TV,0,7,0,1
879,Basic,10.37048711995424,2,38,24,Mobile,0,7,0,1
586,Basic,5.251178083192066,1,55,61,Tablet,0,5,0,1
259,Standard,17.950684206210155,3,30,33,TV,0,3,0,1
797,Standard,11.363664720144277,1,37,65,Tablet,0,3,0,1
979,Basic,7.134184454492772,2,33,43,TV,0,7,0,1
37,Basic,10.45048362585996,1,44,27,Mobile,0,6,0,1
68,Standard,12.442889846150948,1,53,64,Mobile,0,2,0,1
172,Basic,7.542766007991057,3,33,33,Tablet,0,4,0,1
10,Standard,7.972842925466629,3,47,54,Tablet,0,5,0,1
192,Standard,7.377506963139115,4,41,37,Mobile,0,4,0,1
409,Basic,9.83658672819427,2,49,42,Mobile,0,6,0,1
372,Premium,8.281401016396309,1,41,60,Tablet,0,3,0,1
891,Premium,4.946271583814955,2,54,43,Laptop,0,4,0,1
389,Premium,7.421067150523158,2,45,33,Tablet,0,6,0,1
756,Standard,4.42894698018958,2,50,53,Mobile,0,2,0,1
166,Standard,8.574776634004968,2,46,44,Tablet,0,3,0,1
414,Standard,11.10405558524056,1,37,61,TV,0,9,0,1
907,Standard,6.544301681250623,2,42,30,Tablet,0,6,0,1
210,Basic,13.361168965361236,3,51,64,Tablet,1,7,0,1
255,Premium,11.0319478861134,3,31,64,Mobile,0,2,0,1
904,Standard,4.408135124589735,2,21,37,Tablet,0,0,0,1
327,Standard,9.091577956613738,2,50,38,Mobile,0,1,0,1
262,Standard,10.053122096502848,4,41,47,TV,0,3,0,1
81,Standard,13.780970084873683,2,50,44,TV,0,6,0,1
861,Basic,5.885408015592789,3,54,54,TV,0,6,0,1
733,Premium,11.873115596978032,2,37,17,Tablet,0,6,0,1
909,Standard,5.563709683025348,3,44,29,Mobile,0,3,0,1
688,Basic,4.310072271973663,3,49,37,Tablet,0,1,0,1
479,Standard,12.889037775310705,3,48,37,Tablet,0,7,0,1
956,Basic,4.141324470107174,3,41,39,Tablet,0,7,0,1
752,Standard,4.847068329027333,2,48,53,Mobile,0,3,0,1
371,Standard,12.646445059080005,3,50,16,TV,0,6,0,1
981,Basic,5.352594228881241,2,33,40,TV,0,8,0,1
395,Basic,4.377169533867424,1,24,59,Mobile,0,6,0,1
89,Basic,4.11006486951756,2,55,21,Laptop,0,4,0,1
160,Standard,16.161429113254336,1,43,40,Tablet,0,5,0,1
394,Standard,15.105073816708275,1,38,68,TV,0,7,0,1
793,Standard,9.648793011651527,1,41,65,Mobile,0,2,0,1
955,Basic,3.5638031705730286,3,40,40,Tablet,0,7,0,1
199,Premium,10.761753288393464,2,32,55,Tablet,0,1,0,1
136,Standard,10.71225308008782,1,40,21,Tablet,0,5,0,1
895,Basic,9.403433964159309,1,49,60,Tablet,0,8,0,1
514,Standard,12.717229695317762,2,54,58,Tablet,0,2,0,1
625,Basic,8.640128043847836,3,57,29,Mobile,0,0,0,1
14,Standard,13.03295601493894,1,40,51,Tablet,0,5,0,1
252,Premium,10.696543993548154,3,32,65,Mobile,0,2,0,1
31,Standard,7.718111049254672,3,50,16,Tablet,0,3,0,1
247,Standard,6.584691531766611,1,44,69,Tablet,0,0,0,1
730,Basic,11.657133019098524,1,56,22,TV,0,7,0,1
960,Standard,5.1977700725072005,4,37,43,Tablet,0,6,0,1
388,Standard,7.972914207282379,1,47,34,Tablet,0,9,0,1
549,Standard,1.918514484204263,1,51,50,Tablet,0,5,1,1
842,Basic,7.663799651407187,1,50,38,Tablet,0,6,0,1
89,Basic,3.7850063170388015,2,55,21,Laptop,0,4,0,1
795,Basic,5.885424743011325,3,35,48,Tablet,0,4,0,1
725,Standard,13.463785916633372,2,33,33,Tablet,0,8,0,1
583,Basic,11.418797508801973,3,39,62,TV,0,8,0,1
436,Basic,8.444922253989072,1,51,66,TV,0,7,0,1
397,Premium,8.199339309682435,3,53,46,Mobile,0,0,0,1
899,Basic,9.188139954033613,2,44,22,Mobile,0,6,1,1
641,Basic,9.29298346093888,2,45,25,Tablet,0,8,0,1
22,Basic,9.562253817219371,1,34,44,Mobile,0,8,0,1
248,Standard,6.320487849081674,1,44,69,Tablet,0,0,0,1
13,Standard,10.8154166962436,1,26,47,Tablet,0,6,1,1
392,Standard,15.110092075198516,1,39,68,TV,0,6,0,1
13,Basic,8.469420157127402,2,17,60,Mobile,0,7,1,1
856,Basic,8.429032284859122,2,43,68,Mobile,0,2,0,1
606,Standard,8.997063566011956,2,41,57,Mobile,0,5,0,1
38,Basic,12.018330058245564,3,55,47,Mobile,0,6,0,1
728,Premium,11.843172419340066,1,34,30,Tablet,0,6,0,1
760,Premium,4.132063606156718,2,53,50,Mobile,0,2,0,1
670,Standard,12.151553771301751,4,41,37,TV,0,3,0,1
574,Basic,10.220073837978337,2,45,34,TV,0,4,0,1
250,Premium,9.75130234780089,3,36,63,Mobile,0,2,0,1
485,Standard,12.038757691489254,3,49,40,Tablet,0,8,0,1
975,Basic,10.860603206102944,3,43,33,Tablet,0,3,0,1
856,Standard,7.217094696263108,1,52,64,Mobile,0,6,0,1
796,Standard,10.820653212223757,1,37,64,Mobile,0,3,0,1
567,Standard,8.367438917655797,2,46,38,TV,0,3,0,1
377,Premium,7.179373183447357,1,38,60,Tablet,0,3,0,1
822,Standard,7.483814409481052,3,50,57,Tablet,0,1,0,1
972,Basic,10.596555953941497,3,44,31,Tablet,0,4,0,1
28,Standard,7.813906603961863,2,49,16,Mobile,0,3,0,1
638,Basic,12.222580099628471,4,56,30,Mobile,0,7,0,1
68,Standard,8.478220972388284,1,53,58,Mobile,0,6,0,1
772,Standard,6.208836825632057,2,56,18,TV,0,6,0,1
98,Basic,7.573281156052189,2,50,22,Mobile,0,2,0,1
86,Standard,12.154529158738216,3,37,41,Tablet,0,3,0,1
302,Basic,13.349006658211607,3,32,58,Tablet,0,3,0,1
580,Basic,9.718565119789972,1,44,41,Mobile,0,3,0,1
715,Standard,5.190546568358149,3,44,57,Mobile,0,0,0,1
218,Basic,12.55027822990822,3,54,66,Tablet,1,6,0,1
402,Basic,4.574203020331459,1,21,59,TV,0,8,0,1
863,Standard,5.236597325504446,2,56,51,TV,0,7,0,1
46,Basic,11.236539112255455,4,52,60,Tablet,0,7,0,1
720,Basic,9.482360833099694,1,51,36,Tablet,0,4,0,1
791,Standard,11.82994360644028,1,49,61,TV,1,5,0,1
77,Standard,21.563438769971185,3,33,47,Mobile,0,4,0,1
102,Standard,9.932869576285317,3,45,25,Tablet,0,1,0,1
976,Basic,7.907189648362856,2,37,34,TV,0,9,0,1
374,Standard,8.367508012193602,1,38,60,Tablet,0,3,0,1
905,Standard,4.467292792703759,3,25,36,Tablet,0,0,1,1
82,Basic,10.620388974619738,2,54,64,Tablet,0,3,0,1
882,Basic,10.469310523602172,1,51,33,TV,0,8,0,1
390,Premium,9.653637963899524,2,45,31,Mobile,0,2,0,1
75,Premium,15.326601648124289,1,44,50,Mobile,0,6,0,1
582,Basic,12.118491848820735,3,37,64,Mobile,0,7,0,1
261,Standard,5.318638455367977,2,53,62,Mobile,0,7,0,1
786,Standard,4.114492785062254,3,38,49,Mobile,0,4,0,1
891,Premium,7.10144062008919,1,52,43,TV,0,3,1,1
863,Standard,6.33360919101093,2,39,67,Tablet,0,3,0,1
95,Basic,13.550903489967633,1,41,44,TV,0,6,0,1
572,Standard,5.704441035181166,1,50,64,TV,0,4,0,1
959,Standard,6.28508289246688,3,41,36,Tablet,0,8,0,1
309,Basic,9.727676268971956,1,42,55,Tablet,0,7,0,1
613,Basic,7.459899291919818,2,57,29,TV,0,3,0,1
764,Basic,4.939721158507641,2,30,50,TV,0,2,0,1
883,Basic,10.36870598994364,2,52,33,TV,0,8,0,1
542,Basic,5.280234440067205,3,47,32,TV,0,1,0,1
821,Basic,8.279109490434621,3,41,57,TV,0,7,0,1
373,Basic,11.665849452955417,2,51,23,Mobile,0,4,0,1
572,Standard,7.666884710063687,2,52,57,Laptop,0,2,0,1
412,Basic,6.353925472863164,1,46,49,Tablet,0,5,0,1
903,Standard,10.356660238041362,3,45,44,TV,0,6,0,1
380,Basic,8.510950700612204,2,46,36,Tablet,1,4,0,1
10,Basic,10.300033661947513,1,35,54,Mobile,0,7,1,1
715,Basic,11.9808288928765,1,52,29,Tablet,0,3,0,1
747,Basic,5.409751608990289,2,45,55,Mobile,0,4,0,1
978,Basic,7.879332302848255,2,37,36,Mobile,0,6,0,1
196,Premium,11.629974929638012,2,27,65,Tablet,1,0,0,1
86,Standard,12.071717055644708,3,37,41,Tablet,0,3,0,1
618,Basic,6.773038403197802,3,34,64,TV,0,6,0,1
41,Basic,14.475373401133345,3,57,50,Mobile,0,6,0,1
908,Standard,12.544713931346308,3,46,58,Mobile,0,6,0,1
667,Standard,13.138904977213512,4,40,43,TV,0,3,0,1
414,Basic,14.128033363984866,2,48,34,TV,0,8,0,1
938,Standard,10.040888127301493,3,39,40,TV,0,2,0,1
334,Basic,4.823194799323767,3,34,36,Mobile,0,8,0,1
804,Basic,7.198511241817486,3,39,54,Tablet,0,2,0,1
880,Basic,13.801789431048686,4,52,31,Mobile,0,5,0,1
772,Standard,5.824130106162242,2,55,18,TV,0,7,0,1
731,Basic,16.93022823463198,2,31,22,Tablet,0,8,0,1
111,Standard,5.649598747595762,1,38,22,Tablet,0,4,0,1
735,Premium,11.34354019836335,1,35,18,Tablet,0,4,0,1
863,Standard,5.735392614245301,1,48,64,Tablet,0,6,0,1
87,Basic,6.049629347343318,2,54,22,Laptop,0,3,0,1
793,Standard,13.070152926257231,1,40,64,Tablet,0,3,0,1
954,Basic,3.3984555388292668,3,40,41,Tablet,0,7,0,1
648,Basic,6.905488928967943,3,31,38,Mobile,0,3,0,1
75,Basic,11.171170299691031,2,44,24,Mobile,0,2,0,1
375,Basic,9.216951083459795,2,43,46,Tablet,0,1,0,1
847,Basic,5.069953644511016,1,42,36,Tablet,0,4,0,1
369,Standard,15.978096577135934,2,36,20,TV,0,5,0,1
866,Basic,4.674954031668646,2,54,53,TV,0,7,0,1
363,Standard,16.67849925104677,2,37,16,TV,0,6,0,1
879,Basic,13.736297785661836,3,50,30,Mobile,0,5,0,1
354,Standard,14.277489919739834,3,43,63,Mobile,0,3,0,1
668,Standard,13.452836906374516,4,41,42,TV,0,3,0,1
892,Premium,7.432260818208651,1,52,54,TV,0,6,0,1
281,Standard,10.848396953108594,3,31,55,Tablet,0,7,0,1
211,Basic,14.854812804030216,2,53,62,Tablet,0,1,0,1
885,Basic,6.583966209092746,2,18,29,Mobile,0,6,0,1
393,Standard,13.46805716728982,1,43,63,TV,0,5,0,1
16,Standard,8.210292314669656,2,42,51,Mobile,0,6,0,1
712,Basic,10.342214637841645,1,48,48,Mobile,0,2,0,1
330,Standard,13.725295773977203,1,54,26,Laptop,0,1,0,1
615,Basic,7.100273813362472,2,35,65,Laptop,0,7,0,1
569,Basic,8.53476745664108,2,46,37,Mobile,0,3,0,1
311,Basic,8.481394939025673,1,45,54,Tablet,0,8,0,1
407,Basic,6.529819964308244,2,47,47,Mobile,0,3,0,1
854,Basic,11.452321662137685,2,45,30,Mobile,0,3,0,1
868,Basic,4.195573565049703,2,52,54,Mobile,0,7,0,1
509,Standard,10.012691983500618,3,53,62,Tablet,0,6,0,1
32,Basic,7.463774119998964,2,44,21,Mobile,0,3,0,1
668,Basic,7.865656121794584,3,35,34,Mobile,0,3,0,1
591,Basic,10.514037374305014,1,40,55,Tablet,0,2,0,1
559,Basic,4.45003377431266,2,42,42,Mobile,0,1,0,1
766,Standard,6.295789066846129,2,32,41,TV,0,3,0,1
242,Basic,5.746895210235099,2,51,67,Tablet,0,0,0,1
518,Standard,6.228933312745873,4,51,51,Tablet,0,6,0,1
57,Standard,8.09717002007129,1,51,69,Mobile,0,4,0,1
826,Standard,8.858922449137483,3,47,44,Tablet,0,0,0,1
574,Standard,9.884303266855266,2,53,40,TV,0,2,0,1
231,Standard,4.66664440478951,2,52,23,Mobile,0,3,0,1
668,Standard,14.445729110700825,4,46,40,Laptop,0,3,0,1
365,Standard,15.839683882885865,2,39,16,TV,0,6,0,1
886,Basic,9.977988401924865,2,52,24,Tablet,0,4,0,1
783,Basic,16.878495313375783,3,48,60,Tablet,0,3,0,1
257,Standard,11.137696281023318,3,34,58,TV,0,2,0,1
414,Basic,5.680858694264511,2,46,48,Mobile,0,5,0,1
595,Standard,10.935174006907898,1,44,60,TV,0,7,0,1
881,Basic,12.190115915608068,3,36,21,Mobile,0,8,0,1
109,Standard,9.215688452042173,2,46,22,Tablet,0,1,0,1
965,Basic,15.54440571632115,2,32,55,Tablet,0,2,1,1
863,Basic,11.237421317952478,3,50,25,Mobile,0,3,0,1
642,Basic,8.54591386577921,2,42,24,Tablet,0,8,0,1
888,Standard,6.631758241810131,4,54,35,TV,0,3,0,1
603,Basic,11.156114055451956,2,37,68,Mobile,0,5,0,1
457,Standard,7.241001006157518,3,36,26,TV,0,6,0,1
138,Standard,11.67178320338594,2,58,28,TV,0,0,0,1
969,Basic,8.449923332125135,3,35,45,Mobile,0,3,0,1
403,Standard,10.87346251949626,3,54,42,Mobile,0,3,0,1
953,Standard,5.890978864418128,3,40,48,Tablet,0,6,0,1
977,Basic,8.263494181593822,2,33,45,TV,0,6,0,1
517,Premium,9.952885215575836,3,58,58,TV,0,0,0,1
374,Basic,9.540013868005694,2,44,44,Tablet,0,0,0,1
877,Basic,14.168547093635182,4,51,30,Mobile,0,5,0,1
857,Basic,8.483906222186592,3,41,68,Mobile,0,2,0,1
972,Basic,10.187437701521937,4,38,37,Tablet,0,3,0,1
867,Standard,4.993727533153604,2,38,68,Tablet,0,4,0,1
597,Basic,13.871873978988354,2,38,68,Tablet,0,3,0,1
115,Standard,2.5099301810530728,1,34,23,Tablet,0,5,0,1
110,Basic,4.305001054280474,2,41,50,TV,0,7,0,1
893,Basic,7.844933199843656,2,50,21,Tablet,0,5,0,1
895,Basic,9.86775641357809,1,49,56,Tablet,0,7,0,1
404,Basic,4.575588709116353,2,29,54,Mobile,0,6,0,1
726,Standard,7.639280638360244,3,45,60,TV,0,3,0,1
859,Basic,7.384775982185252,3,47,62,Mobile,0,4,0,1
118,Standard,4.432424504995972,1,41,19,Mobile,0,4,0,1
17,Standard,8.377654700903655,2,41,51,Mobile,0,6,0,1
264,Premium,6.944143908937852,2,35,62,Tablet,0,7,0,1
904,Basic,11.970982974398586,3,46,60,Tablet,0,7,0,1
565,Basic,4.473717575429024,2,41,47,Tablet,0,1,0,1
666,Standard,8.52013305146457,2,36,57,TV,0,2,0,1
330,Standard,11.813481957704903,2,42,46,Tablet,0,4,0,1
132,Standard,7.868622781342117,1,33,19,Tablet,0,7,0,1
383,Standard,8.357395024975114,1,44,33,Tablet,0,6,0,1
892,Basic,9.01730099689796,2,47,61,Tablet,0,8,0,1
841,Basic,9.363490621894451,2,41,35,TV,0,5,0,1
46,Basic,11.268007355269216,4,52,60,Tablet,0,7,0,1
312,Basic,8.721758191555592,1,47,50,Tablet,0,7,0,1
82,Basic,10.681553711131103,2,48,28,TV,0,0,0,1
796,Standard,10.936733894936156,1,37,64,Mobile,0,3,0,1
550,Basic,5.043134460399136,2,45,36,Mobile,0,1,0,1
88,Basic,4.499652810003047,2,55,21,Laptop,0,4,0,1
939,Standard,11.046835179197949,4,37,38,TV,0,2,0,1
608,Standard,12.870694363462334,2,31,67,Mobile,0,1,0,1
187,Standard,12.261829482953152,2,44,53,Tablet,0,8,0,1
303,Basic,12.327492372146022,2,34,57,Tablet,0,4,0,1
85,Basic,9.13886178554748,2,46,30,Mobile,0,1,0,1
791,Basic,4.92801574086943,3,34,46,Mobile,0,5,0,1
666,Standard,13.032414454527691,4,39,44,TV,0,3,0,1
916,Standard,13.603597199974768,3,38,21,Mobile,0,8,0,1
452,Basic,11.260064031472783,1,35,25,TV,0,7,0,1
259,Premium,5.382819358146513,1,37,66,Tablet,0,7,0,1
7,Standard,8.666134293945625,2,48,53,Tablet,0,5,0,1
723,Standard,12.248871974760547,2,33,37,Tablet,0,7,0,1
56,Standard,7.4575169224770095,1,50,68,Mobile,0,2,0,1
576,Basic,10.041595377896424,1,46,38,Mobile,0,3,0,1
862,Basic,6.816738737452984,2,39,68,Tablet,0,3,0,1
824,Basic,9.075459603477324,4,47,49,Mobile,0,2,0,1
909,Standard,5.175819223771303,3,43,29,Mobile,0,2,0,1
855,Standard,7.521713632916558,1,51,66,Mobile,0,6,0,1
854,Standard,7.709332680169026,1,50,67,Tablet,0,6,0,1
964,Standard,6.573693253993095,4,35,44,Mobile,0,4,0,1
783,Basic,4.89216789685292,3,49,63,Tablet,0,0,0,1
125,Standard,5.075419872129373,2,50,33,TV,0,9,0,1
640,Basic,4.216684021521877,2,30,28,Tablet,0,4,1,1
656,Basic,15.446515464379862,4,54,45,TV,0,3,0,1
33,Basic,6.619716494602859,2,46,38,Mobile,0,5,1,1
271,Standard,10.251546485286871,4,35,49,Mobile,0,6,0,1
725,Basic,10.652574068235722,2,47,29,Tablet,0,6,0,1
169,Basic,6.767857125487025,2,30,21,Mobile,0,5,1,1
110,Basic,4.337040686593248,2,41,50,TV,0,7,0,1
835,Basic,7.946476692989613,1,43,37,Tablet,0,2,0,1
35,Premium,13.99416548749752,1,54,21,Mobile,0,7,0,1
591,Basic,8.988099822441825,1,40,50,Tablet,0,2,0,1
34,Basic,6.686940794153417,2,45,38,Mobile,0,5,1,1
936,Standard,12.849617942596767,3,38,38,TV,0,2,0,1
198,Standard,14.412835512610872,2,47,60,Tablet,1,8,0,1
910,Standard,5.419523690188111,4,41,29,Mobile,0,1,0,1
890,Basic,5.893288355261579,2,54,26,Mobile,0,3,0,1
319,Basic,4.4198391331090345,1,55,61,Mobile,0,8,1,1
887,Standard,5.741654587385957,1,50,57,TV,0,6,0,1
787,Standard,12.061182239331874,1,57,58,TV,1,7,0,1
573,Standard,5.451799711781645,1,50,64,TV,0,4,0,1
322,Basic,10.16358616874274,2,45,46,Tablet,0,5,0,1
39,Basic,7.133518964336733,1,34,33,Mobile,0,5,0,1
789,Basic,4.395095604779365,3,34,45,Mobile,0,6,0,1
794,Basic,5.6340460992646895,3,35,48,Mobile,0,5,0,1
914,Standard,14.084739628709114,3,37,20,Mobile,0,8,0,1
808,Basic,7.733416591063358,3,38,54,Tablet,0,4,0,1
16,Basic,10.427851692506936,1,25,57,Mobile,0,7,2,1
881,Basic,7.339843126439755,1,45,26,Mobile,0,4,0,1
378,Standard,6.888676769290163,1,38,60,Tablet,0,3,0,1
967,Basic,9.955472483479566,2,48,29,Mobile,0,7,0,1
538,Standard,6.851257605016597,3,48,44,Tablet,0,1,0,1
105,Standard,10.43203265562487,2,46,23,Tablet,0,1,0,1
571,Basic,7.087662975754811,2,46,65,TV,0,4,0,1
181,Standard,8.681172246851666,3,41,46,Tablet,0,7,0,1
3,Standard,9.776800662961346,1,51,49,Tablet,0,6,0,1
727,Premium,8.275462894332927,3,42,55,Mobile,0,4,0,1
258,Standard,9.50049961388488,4,42,50,Mobile,0,3,0,1
56,Basic,9.485347194204888,2,49,68,Tablet,0,5,0,1
247,Standard,7.118188129678636,2,44,65,Tablet,0,1,0,1
834,Basic,8.390328953596788,1,45,38,Tablet,0,3,0,1
385,Standard,11.7467367377625,2,44,31,Mobile,0,0,0,1
197,Premium,11.328778211066766,2,28,62,Tablet,0,0,0,1
715,Standard,5.109438065807886,3,44,56,Mobile,0,0,0,1
436,Basic,8.387925432808286,1,51,66,TV,0,7,0,1
350,Standard,15.3223314052304,2,39,64,Mobile,0,4,0,1
243,Basic,5.864917605896888,2,50,67,Tablet,0,0,0,1
831,Standard,3.2813332160231576,3,23,37,Tablet,0,7,0,1
95,Basic,5.215245385403337,3,40,37,Tablet,0,3,0,1
663,Standard,11.37882404055919,3,36,49,Mobile,0,4,0,1
383,Standard,7.925235224974664,2,51,25,Tablet,0,7,0,1
20,Basic,10.157027876629805,1,26,52,TV,0,8,1,1
856,Basic,8.526916294275885,2,41,68,Mobile,0,2,0,1
76,Premium,19.891252635018944,2,36,48,Mobile,0,5,0,1
321,Basic,7.653833382046758,3,51,39,Mobile,0,2,0,1
808,Basic,7.742924645464111,3,38,54,Tablet,0,4,0,1
521,Standard,9.607790405642271,3,56,53,Mobile,0,0,0,1
180,Standard,5.610778278974376,4,39,39,Tablet,0,5,0,1
597,Basic,6.401627572538506,1,52,35,TV,0,6,0,1
884,Basic,7.296982270798417,1,47,24,Tablet,0,4,0,1
320,Basic,11.09311577925093,2,43,65,TV,0,2,0,1
392,Basic,15.035820216107268,1,38,68,TV,1,7,0,1
937,Basic,5.64042297078949,2,47,41,Tablet,0,3,0,1
304,Basic,8.59291375841406,2,50,48,Mobile,0,5,0,1
780,Basic,16.351523448209427,3,47,60,Tablet,0,2,0,1
14,Standard,12.802408920183678,1,39,51,Tablet,0,6,0,1
929,Standard,18.14959931242335,3,43,40,Mobile,0,3,0,1
199,Standard,15.242287370254433,2,49,59,Tablet,0,4,0,1
907,Standard,6.368558600716647,2,40,30,Tablet,0,5,0,1
906,Standard,4.549446811409244,3,29,35,Tablet,0,0,1,1
890,Basic,6.851194408457524,2,53,22,Tablet,0,3,0,1
668,Basic,9.499428261530923,4,37,34,TV,0,3,0,1
130,Standard,6.3247756210984445,3,52,27,TV,0,7,0,1
66,Standard,15.994298427326749,2,56,69,Mobile,0,8,0,1
734,Premium,11.572062026614972,2,35,17,Tablet,0,5,0,1
197,Standard,11.602435810046805,2,27,66,Tablet,1,0,0,1
93,Basic,4.378952669540229,3,44,32,Tablet,0,3,0,1
834,Standard,5.595594136063349,2,31,37,Tablet,0,3,0,1
505,Standard,14.413282505233662,2,55,67,Tablet,0,3,0,1
334,Basic,8.026144097448373,1,52,35,TV,0,4,0,1
786,Basic,4.773767562799409,3,48,62,Tablet,0,0,0,1
163,Standard,14.298067276843772,2,41,39,Tablet,0,6,0,1
78,Basic,10.954935767811904,2,53,65,Tablet,0,2,0,1
856,Basic,8.404112485333362,2,43,68,Mobile,0,2,0,1
894,Standard,8.050889710510539,1,51,57,TV,0,7,0,1
842,Basic,9.959185853741197,2,36,36,Mobile,0,4,0,1
305,Basic,11.180001135422009,2,38,56,Tablet,0,5,0,1
881,Basic,12.665232173358138,3,52,32,Mobile,0,7,0,1
787,Standard,4.0590057347254245,3,36,46,Mobile,0,5,0,1
146,Standard,11.022892663373714,3,57,27,TV,0,1,0,1
447,Basic,11.767676304358108,1,35,26,Mobile,0,8,0,1
784,Basic,12.78770791438306,4,42,54,Tablet,0,4,0,1
639,Basic,3.4328276712464048,2,28,29,Tablet,0,3,1,1
588,Standard,5.50761303156035,1,54,60,Mobile,0,6,0,1
644,Basic,7.097299640723559,2,37,23,Tablet,0,8,1,1
705,Basic,8.870404673334535,3,35,48,TV,0,1,0,1
659,Basic,13.303564466476914,4,49,41,TV,0,3,0,1
373,Basic,10.430680017788124,2,46,39,Tablet,0,0,0,1
201,Standard,11.663341736543275,2,31,66,Tablet,1,0,0,1
566,Basic,7.0147508410860135,2,44,38,Mobile,0,2,0,1
50,Basic,6.928561719314416,3,47,68,Tablet,0,7,0,1
536,Standard,5.022053077143195,1,54,54,Mobile,0,3,1,1
899,Basic,9.048833537833437,2,44,21,Mobile,0,6,1,1
334,Basic,4.916823939207943,2,50,41,Mobile,0,5,0,1
28,Standard,8.278458039458886,2,49,16,Mobile,0,3,0,1
396,Standard,10.538183407204466,2,49,56,Mobile,0,2,0,1
895,Basic,9.796640340761144,2,43,21,Mobile,0,7,1,1
905,Standard,7.869897102644031,3,34,38,Mobile,0,2,0,1
76,Premium,16.95541422791196,2,41,50,Mobile,0,6,0,1
665,Basic,9.064564981325844,4,35,38,TV,0,3,0,1
470,Standard,4.242942340517459,3,37,24,TV,0,5,0,1
327,Standard,8.22800926945525,2,53,36,TV,0,1,0,1
228,Standard,4.605226539598456,2,51,22,Mobile,0,4,0,1
119,Standard,4.574042755984126,1,42,19,Mobile,0,3,0,1
